-- phpMyAdmin SQL Dump
-- version 4.7.0
-- https://www.phpmyadmin.net/
--
-- Host: localhost:3306
-- 생성 시간: 18-09-05 08:27
-- 서버 버전: 5.6.36
-- PHP 버전: 5.6.30

SET SQL_MODE = "NO_AUTO_VALUE_ON_ZERO";
SET AUTOCOMMIT = 0;
START TRANSACTION;
SET time_zone = "+00:00";


/*!40101 SET @OLD_CHARACTER_SET_CLIENT=@@CHARACTER_SET_CLIENT */;
/*!40101 SET @OLD_CHARACTER_SET_RESULTS=@@CHARACTER_SET_RESULTS */;
/*!40101 SET @OLD_COLLATION_CONNECTION=@@COLLATION_CONNECTION */;
/*!40101 SET NAMES utf8mb4 */;

--
-- 데이터베이스: `lawschoolproject01`
--

-- --------------------------------------------------------

--
-- 테이블 구조 `ajuengconverttable`
--

CREATE TABLE `ajuengconverttable` (
  `toefl` int(11) DEFAULT NULL,
  `toeic` int(11) DEFAULT NULL,
  `teps` int(11) DEFAULT NULL,
  `score` int(11) NOT NULL DEFAULT '0'
) ENGINE=InnoDB DEFAULT CHARSET=utf8;

--
-- 테이블의 덤프 데이터 `ajuengconverttable`
--

INSERT INTO `ajuengconverttable` (`toefl`, `toeic`, `teps`, `score`) VALUES
(68, 590, 478, 60),
(71, 615, 496, 66),
(74, 640, 514, 72),
(77, 670, 534, 77),
(79, 690, 549, 82),
(82, 720, 571, 85),
(85, 745, 593, 88),
(88, 770, 613, 90),
(91, 795, 635, 92),
(94, 815, 657, 94),
(99, 850, 700, 96),
(101, 865, 720, 98),
(105, 900, 766, 100);

-- --------------------------------------------------------

--
-- 테이블 구조 `applicationrates`
--

CREATE TABLE `applicationrates` (
  `schoolnumber` int(11) DEFAULT NULL,
  `schoolname` varchar(20) DEFAULT NULL,
  `descriotipn` varchar(20) DEFAULT NULL,
  `leet` double DEFAULT NULL,
  `gpa` double DEFAULT NULL,
  `eng` double DEFAULT NULL,
  `essay` double DEFAULT NULL,
  `interview` double DEFAULT NULL,
  `doc` double DEFAULT NULL,
  `sum` double DEFAULT NULL,
  `index` int(11) NOT NULL
) ENGINE=InnoDB DEFAULT CHARSET=utf8;

--
-- 테이블의 덤프 데이터 `applicationrates`
--

INSERT INTO `applicationrates` (`schoolnumber`, `schoolname`, `descriotipn`, `leet`, `gpa`, `eng`, `essay`, `interview`, `doc`, `sum`, `index`) VALUES
(1, '강원대', '1단계', 150, 100, 0, 0, 0, 70, 320, 1),
(1, '강원대', '2단계', 0, 0, 0, 50, 50, 0, 420, 2),
(1, '강원대', '실질 반영률', 0.29, 0.14, 0, 0.14, 0.29, 0.14, 1, 3),
(2, '건국대', '1단계', 300, 100, 200, 0, 0, 150, 750, 4),
(2, '건국대', '2단계', 0, 0, 0, 100, 150, 0, 1000, 5),
(2, '건국대', '실질 반영률', 0.39, 0.19, 0, 0.13, 0.14, 0.03, 1, 6),
(3, '경북대', '1단계', 150, 100, 100, 0, 0, 50, 400, 7),
(3, '경북대', '2단계', 0, 0, 0, 30, 70, 0, 500, 8),
(3, '경북대', '실질 반영률', 0.37, 0.23, 0, 0, 0, 0.2, 1, 9),
(4, '경희대', '1단계', 100, 100, 0, 0, 0, 100, 300, 10),
(4, '경희대', '2단계', 0, 0, 0, 0, 100, 0, 400, 11),
(4, '경희대', '실질 반영률', 0.34, 0.24, 0, 0, 0.18, 0.24, 1, 12),
(5, '고려대', '1단계', 200, 200, 0, 0, 0, 100, 500, 13),
(5, '고려대', '2단계', 0, 0, 0, 0, 100, 0, 600, 14),
(5, '고려대', '실질 반영률', 0.42, 0.42, 0, 0, 0, 0.16, 1, 15),
(6, '동아대', '1단계', 300, 100, 200, 0, 0, 0, 600, 16),
(6, '동아대', '2단계', 0, 0, 0, 100, 100, 200, 1000, 17),
(6, '동아대', '실질 반영률', 0.3, 0.1, 0, 0.1, 0.1, 0.2, 1, 18),
(7, '부산대', '1단계', 30, 20, 10, 0, 0, 0, 60, 19),
(7, '부산대', '2단계', 0, 0, 0, 10, 10, 20, 100, 20),
(7, '부산대', '실질 반영률', 0.53, 0.43, 0, 0, 0, 0, 1, 21),
(8, '서강대', '1단계', 30, 30, 20, 0, 0, 20, 100, 22),
(8, '서강대', '2단계', 0, 0, 0, 0, 20, 0, 120, 23),
(8, '서강대', '실질 반영률', 0.5, 0.17, 0.08, 0, 0, 0.25, 1, 24),
(10, '시립대', '1단계', 15, 20, 20, 0, 0, 20, 75, 25),
(10, '시립대', '2단계', 0, 0, 0, 5, 20, 0, 100, 26),
(10, '시립대', '실질 반영률', 0.34, 0.25, 0, 0, 0, 0.17, 1, 27),
(11, '성대', '1단계', 30, 25, 10, 0, 0, 20, 85, 28),
(11, '성대', '2단계', 0, 0, 0, 0, 15, 0, 100, 29),
(11, '성대', '실질 반영률', 0.41, 0.18, 0.13, 0, 0, 0.27, 1, 30),
(12, '아주대', '1단계', 30, 20, 20, 0, 0, 0, 70, 31),
(12, '아주대', '2단계', 0, 0, 0, 5, 15, 10, 100, 32),
(12, '아주대', '실질 반영률', 0.48, 0.28, 0.24, 0, 0, 0, 1, 33),
(13, '연세대', '1단계', 25, 25, 15, 0, 0, 25, 90, 34),
(13, '연세대', '2단계', 0, 0, 0, 0, 10, 0, 100, 35),
(13, '연세대', '실질 반영률', 0.25, 0.25, 0, 0, 0.1, 0.25, 1, 36),
(14, '영남대', '1단계', 300, 100, 100, 0, 0, 200, 700, 37),
(14, '영남대', '2단계', 0, 0, 0, 100, 200, 0, 1000, 38),
(14, '영남대', '실질 반영률', 0.59, 0.04, 0, 0, 0, 0.35, 1, 39),
(15, '원광대', '1단계', 40, 20, 20, 0, 0, 0, 80, 40),
(15, '원광대', '2단계', 0, 0, 0, 0, 20, 0, 100, 41),
(15, '원광대', '실질 반영률', 0.42, 0.13, 0, 0, 0.29, 0, 1, 42),
(16, '이화여대', '1단계', 60, 40, 30, 0, 0, 50, 180, 43),
(16, '이화여대', '2단계', 0, 0, 0, 10, 10, 0, 200, 44),
(16, '이화여대', '실질 반영률', 0.3, 0.2, 0, 0.05, 0.05, 0.25, 1, 45),
(17, '인하대', '1단계', 250, 200, 100, 0, 0, 200, 750, 46),
(17, '인하대', '2단계', 0, 0, 0, 100, 150, 0, 1000, 47),
(17, '인하대', '실질 반영률', 0.36, 0.14, 0, 0.07, 0.21, 0.14, 1, 48),
(18, '전남대', '1단계', 100, 100, 100, 0, 0, 100, 400, 49),
(18, '전남대', '2단계', 0, 0, 0, 50, 50, 0, 500, 50),
(18, '전남대', '실질 반영률', 0.33, 0.14, 0, 0.11, 0.08, 0.27, 1, 51),
(19, '전북대', '1단계', 30, 15, 10, 0, 0, 10, 65, 52),
(19, '전북대', '2단계', 0, 0, 0, 15, 20, 0, 100, 53),
(19, '전북대', '실질 반영률', 0.3, 0.15, 0, 0.15, 0.2, 0.1, 1, 54),
(20, '제주대', '1단계', 30, 20, 10, 0, 0, 0, 60, 55),
(20, '제주대', '2단계', 0, 0, 0, 4, 16, 20, 100, 56),
(20, '제주대', '실질 반영률', 0.25, 0.2, 0, 0.08, 0.16, 0.16, 1, 57),
(21, '중앙대', '1단계', 100, 100, 100, 0, 0, 100, 400, 58),
(21, '중앙대', '2단계', 0, 0, 0, 0, 100, 0, 500, 59),
(21, '중앙대', '실질 반영률', 0.24, 0.24, 0, 0, 0.12, 0.24, 1, 60),
(22, '충남대', '1단계', 120, 100, 100, 0, 0, 30, 350, 61),
(22, '충남대', '2단계', 0, 0, 0, 20, 40, 0, 410, 62),
(22, '충남대', '실질 반영률', 0.34, 0.29, 0, 0, 0, 0.09, 1, 63),
(23, '충북대', '1단계', 100, 100, 100, 0, 0, 60, 360, 64),
(23, '충북대', '2단계', 0, 0, 0, 0, 40, 0, 500, 65),
(23, '충북대', '실질 반영률', 0.2, 0.2, 0, 0.2, 0.08, 0.12, 1, 66),
(24, '한국외대', '1단계', 100, 100, 100, 0, 0, 100, 400, 67),
(24, '한국외대', '2단계', 0, 0, 0, 0, 100, 0, 500, 68),
(24, '한국외대', '실질 반영률', 0.44, 0.15, 0, 0, 0.12, 0.15, 1, 69),
(25, '한양대', '1단계', 30, 20, 10, 0, 0, 20, 80, 70),
(25, '한양대', '2단계', 0, 0, 0, 10, 10, 0, 100, 71),
(25, '한양대', '실질 반영률', 0.3, 0.17, 0, 0.14, 0.14, 0.17, 1, 72),
(9, '서울대', '1단계', 100, 100, 0, 0, 0, 0, 200, 73),
(9, '서울대', '2단계', 0, 0, 0, 0, 50, 50, 300, 74),
(9, '서울대', '실질 반영률', 0, 0.5, 0, 0, 0, 0, 1, 75);

-- --------------------------------------------------------

--
-- 테이블 구조 `avg2017table`
--

CREATE TABLE `avg2017table` (
  `schoolname` varchar(20) DEFAULT NULL,
  `schoolnumber` int(11) NOT NULL DEFAULT '0',
  `leet` double DEFAULT NULL,
  `gpa` double DEFAULT NULL,
  `eng` double DEFAULT NULL
) ENGINE=InnoDB DEFAULT CHARSET=utf8;

--
-- 테이블의 덤프 데이터 `avg2017table`
--

INSERT INTO `avg2017table` (`schoolname`, `schoolnumber`, `leet`, `gpa`, `eng`) VALUES
('강원대', 1, 111.9, 89.99, 0),
('건국대', 2, 235.31, 135.9, 200),
('경북대', 3, 134.13, 96.96, 98.03),
('경희대', 4, 91.8, 97.9, 0),
('고려대', 5, 195.8, 195, 0),
('동아대', 6, 273.37, 98.06, 195.9),
('부산대', 7, 22.95, 18.45, 9.52),
('서강대', 8, 17.51, 29.14, 20),
('서울대', 9, 97.04, 96.52, 0),
('시립대', 10, 11.96, 13.86, 15),
('성균관대', 11, 18.83, 24.05, 9.25),
('아주대', 12, 22.87, 18.41, 20),
('연세대', 13, 21.5, 22.25, 14.75),
('영남대', 14, 151.38, 90, 90),
('원광대', 15, 35.67, 19.29, 19.8),
('이화여대', 16, 38, 36, 29),
('인하대', 17, 176.09, 191.4, 96.72),
('전남대', 18, 75.94, 94.74, 96.5),
('전북대', 19, 17.13, 13.5, 9.09),
('제주대', 20, 12.3, 18.6, 13.2),
('중앙대', 21, 91.84, 96, 98.03),
('충남대', 22, 58.46, 93.7, 100),
('충북대', 23, 69.6, 98, 95),
('한국외대', 24, 169, 92.33, 96.46),
('한양대', 25, 23.07, 18.04, 10);

-- --------------------------------------------------------

--
-- 테이블 구조 `avg2018table`
--

CREATE TABLE `avg2018table` (
  `schoolname` varchar(20) DEFAULT NULL,
  `schoolnumber` int(11) NOT NULL DEFAULT '0',
  `leet` double DEFAULT NULL,
  `gpa` double DEFAULT NULL,
  `eng` double DEFAULT NULL
) ENGINE=InnoDB DEFAULT CHARSET=utf8;

--
-- 테이블의 덤프 데이터 `avg2018table`
--

INSERT INTO `avg2018table` (`schoolname`, `schoolnumber`, `leet`, `gpa`, `eng`) VALUES
('강원대', 1, 103.59, 90.22, 0),
('건국대', 2, 225.525, 90, 0),
('경북대', 3, 133.13, 97.25, 98.57),
('경희대', 4, 92.6, 99.06, 0),
('고려대', 5, 194.69, 195, 0),
('동아대', 6, 253.85, 99.38, 199),
('부산대', 7, 23.19, 18.715, 9.675),
('서강대', 8, 17.67, 29.285, 20),
('서울대', 9, 134, 96.2, 0),
('시립대', 10, 11.736, 18.844, 20),
('성균관대', 11, 19.065, 24.064, 9.8),
('아주대', 12, 19.495, 18.35, 20),
('연세대', 13, 21.5, 23.6, 14.85),
('영남대', 14, 155.325, 95, 90),
('원광대', 15, 36.19, 19.44, 19.59),
('이화여대', 16, 38.25, 36.44, 28.8),
('인하대', 17, 191.125, 195.7, 97.37),
('전남대', 18, 70.1, 94.519, 96.75),
('전북대', 19, 15.81, 14, 9.34),
('제주대', 20, 15.9, 18.25, 9.2),
('중앙대', 21, 94, 95.3, 99.2),
('충남대', 22, 59.47, 92.59, 100),
('충북대', 23, 64.3, 93.3, 95),
('한국외대', 24, 84.8, 94.17, 98.73),
('한양대', 25, 21.81, 18.45, 10);

-- --------------------------------------------------------

--
-- 테이블 구조 `cbuengconverttable`
--

CREATE TABLE `cbuengconverttable` (
  `toeic` int(11) DEFAULT NULL,
  `toefl` int(11) DEFAULT NULL,
  `teps` int(11) DEFAULT NULL,
  `score` int(11) NOT NULL DEFAULT '0'
) ENGINE=InnoDB DEFAULT CHARSET=utf8;

--
-- 테이블의 덤프 데이터 `cbuengconverttable`
--

INSERT INTO `cbuengconverttable` (`toeic`, `toefl`, `teps`, `score`) VALUES
(750, 85, 596, 85),
(800, 91, 637, 89),
(840, 97, 686, 93),
(900, 105, 768, 97),
(960, 114, 879, 100);

-- --------------------------------------------------------

--
-- 테이블 구조 `cbugpaconverttable`
--

CREATE TABLE `cbugpaconverttable` (
  `100` double DEFAULT NULL,
  `score` int(11) DEFAULT NULL
) ENGINE=InnoDB DEFAULT CHARSET=utf8;

--
-- 테이블의 덤프 데이터 `cbugpaconverttable`
--

INSERT INTO `cbugpaconverttable` (`100`, `score`) VALUES
(96, 100),
(93, 98),
(90, 96),
(87, 93),
(84, 88),
(81, 83);

-- --------------------------------------------------------

--
-- 테이블 구조 `cnuengconverttable`
--

CREATE TABLE `cnuengconverttable` (
  `toeic` int(11) DEFAULT NULL,
  `toefl` int(11) DEFAULT NULL,
  `teps` int(11) DEFAULT NULL,
  `score` int(11) NOT NULL DEFAULT '0'
) ENGINE=InnoDB DEFAULT CHARSET=utf8;

--
-- 테이블의 덤프 데이터 `cnuengconverttable`
--

INSERT INTO `cnuengconverttable` (`toeic`, `toefl`, `teps`, `score`) VALUES
(0, 0, 0, 0),
(750, 80, 629, 95),
(770, 84, 643, 96),
(790, 88, 656, 97),
(810, 92, 669, 98),
(830, 95, 682, 99),
(850, 98, 695, 100);

-- --------------------------------------------------------

--
-- 테이블 구조 `dauengconverttable`
--

CREATE TABLE `dauengconverttable` (
  `toeic` int(11) NOT NULL DEFAULT '0',
  `toefl` int(11) DEFAULT NULL,
  `teps` int(11) DEFAULT NULL,
  `score` double DEFAULT NULL
) ENGINE=InnoDB DEFAULT CHARSET=utf8;

--
-- 테이블의 덤프 데이터 `dauengconverttable`
--

INSERT INTO `dauengconverttable` (`toeic`, `toefl`, `teps`, `score`) VALUES
(750, 79, 675, 196),
(755, 80, 680, 196),
(760, 81, 685, 196),
(765, 82, 690, 196),
(770, 83, 695, 196),
(775, 83, 700, 196),
(780, 84, 707, 196),
(785, 85, 713, 196),
(790, 86, 720, 196),
(795, 87, 727, 196),
(800, 88, 734, 197),
(805, 89, 740, 197),
(810, 89, 747, 197),
(815, 90, 754, 197),
(820, 91, 761, 197),
(825, 92, 767, 197),
(830, 93, 774, 197),
(835, 94, 781, 197),
(840, 95, 788, 197),
(845, 95, 794, 197),
(850, 96, 801, 199),
(855, 97, 808, 199),
(860, 98, 815, 199),
(865, 99, 821, 199),
(870, 100, 828, 199),
(875, 100, 835, 199),
(880, 101, 842, 199),
(885, 102, 848, 199),
(890, 103, 855, 199),
(895, 104, 862, 199),
(900, 105, 869, 200),
(905, 106, 875, 200),
(910, 106, 882, 200),
(915, 107, 889, 200),
(920, 108, 896, 200),
(925, 109, 902, 200),
(930, 110, 909, 200),
(935, 111, 916, 200),
(940, 112, 923, 200),
(945, 112, 929, 200),
(950, 113, 936, 200),
(955, 114, 943, 200),
(960, 115, 950, 200),
(965, 116, 956, 200),
(970, 117, 963, 200),
(975, 117, 970, 200),
(980, 118, 977, 200),
(985, 119, 983, 200),
(990, 120, 990, 200);

-- --------------------------------------------------------

--
-- 테이블 구조 `ehuengconverttable`
--

CREATE TABLE `ehuengconverttable` (
  `toeic` int(11) DEFAULT NULL,
  `teps` int(11) DEFAULT NULL,
  `toefl` int(11) DEFAULT NULL,
  `score` int(11) DEFAULT NULL
) ENGINE=InnoDB DEFAULT CHARSET=utf8;

--
-- 테이블의 덤프 데이터 `ehuengconverttable`
--

INSERT INTO `ehuengconverttable` (`toeic`, `teps`, `toefl`, `score`) VALUES
(990, 930, 111, 30),
(975, 905, 109, 29),
(960, 880, 107, 28),
(945, 855, 105, 27),
(930, 830, 103, 26),
(915, 805, 101, 25),
(900, 780, 99, 24),
(885, 755, 97, 23),
(870, 730, 95, 22),
(855, 705, 93, 21),
(840, 690, 91, 20),
(825, 675, 89, 19),
(810, 660, 87, 18),
(795, 645, 85, 17),
(780, 630, 83, 16),
(765, 615, 81, 15),
(750, 600, 79, 14),
(735, 585, 78, 13),
(720, 570, 77, 12),
(705, 555, 76, 11),
(695, 540, 75, 10),
(685, 535, 74, 9),
(675, 530, 73, 8),
(665, 525, 72, 7),
(655, 520, 71, 6),
(645, 515, 70, 5),
(635, 510, 69, 4),
(625, 505, 68, 3),
(615, 500, 67, 2),
(605, 495, 66, 1),
(600, 490, 65, 0),
(NULL, NULL, NULL, NULL);

-- --------------------------------------------------------

--
-- 테이블 구조 `ehuleetconverttable`
--

CREATE TABLE `ehuleetconverttable` (
  `leet` int(11) DEFAULT NULL,
  `score` double DEFAULT NULL
) ENGINE=InnoDB DEFAULT CHARSET=utf8;

--
-- 테이블의 덤프 데이터 `ehuleetconverttable`
--

INSERT INTO `ehuleetconverttable` (`leet`, `score`) VALUES
(160, 60),
(159, 59.5),
(158, 59),
(157, 58.5),
(156, 58),
(155, 57.5),
(154, 57),
(153, 56.5),
(152, 56),
(151, 55.5),
(150, 55),
(149, 54.5),
(148, 54),
(147, 53.5),
(146, 53),
(145, 52.5),
(144, 52),
(143, 51.5),
(142, 51),
(141, 50.5),
(140, 50),
(139, 49.5),
(138, 49),
(137, 48.5),
(136, 48),
(135, 47.5),
(134, 47),
(133, 46.5),
(132, 46),
(131, 45.5),
(130, 45),
(129, 44.5),
(128, 44),
(127, 43.5),
(126, 43),
(125, 42.5),
(124, 42),
(123, 41.5),
(122, 41),
(121, 40.5),
(120, 40),
(119, 39.5),
(118, 39),
(117, 38.5),
(116, 38),
(115, 37.5),
(114, 37),
(113, 36.5),
(112, 36),
(111, 35.5),
(110, 35),
(109, 34.5),
(108, 34),
(107, 33.5),
(106, 33),
(105, 32.5),
(104, 32),
(103, 31.5),
(102, 31),
(101, 30.5),
(100, 30),
(99, 29.5),
(98, 29),
(97, 28.5),
(96, 28),
(95, 27.5),
(94, 27),
(93, 26.5),
(92, 26),
(91, 25.5),
(90, 25),
(89, 24.5),
(88, 24),
(87, 23.5),
(86, 23),
(85, 22.5),
(84, 22),
(83, 21.5),
(82, 21),
(81, 20.5),
(80, 20),
(79, 19.5),
(78, 19),
(77, 18.5),
(76, 18),
(75, 17.5),
(74, 17),
(73, 16.5),
(72, 16),
(71, 15.5),
(70, 15),
(69, 14.5),
(68, 14),
(67, 13.5),
(66, 13),
(65, 12.5),
(64, 12),
(63, 11.5),
(62, 11),
(61, 10.5),
(60, 10),
(59, 9.5),
(58, 9),
(57, 8.5),
(56, 8),
(55, 7.5),
(54, 7),
(53, 6.5),
(52, 6),
(51, 5.5),
(50, 5),
(49, 4.5),
(48, 4),
(47, 3.5),
(46, 3),
(45, 2.5),
(44, 2),
(43, 1.5),
(42, 1),
(41, 0.5),
(40, 0);

-- --------------------------------------------------------

--
-- 테이블 구조 `gpaconverttable`
--

CREATE TABLE `gpaconverttable` (
  `4.0` double DEFAULT NULL,
  `4.3` double DEFAULT NULL,
  `4.5` double DEFAULT NULL,
  `100` double DEFAULT NULL,
  `100_jeju` double DEFAULT NULL
) ENGINE=InnoDB DEFAULT CHARSET=utf8;

--
-- 테이블의 덤프 데이터 `gpaconverttable`
--

INSERT INTO `gpaconverttable` (`4.0`, `4.3`, `4.5`, `100`, `100_jeju`) VALUES
(4, 4.3, 4.5, 100, 100),
(3.99, 4.29, 4.49, 99.9, 99.8),
(3.98, 4.28, 4.48, 99.8, 99.6),
(3.97, 4.27, 4.47, 99.7, 99.4),
(3.96, 4.26, 4.46, 99.6, 99.2),
(3.95, 4.25, 4.45, 99.5, 99),
(3.94, 4.24, 4.44, 99.4, 98.8),
(3.93, 4.23, 4.43, 99.3, 98.6),
(3.92, 4.22, 4.42, 99.2, 98.4),
(3.91, 4.21, 4.41, 99.1, 98.2),
(3.9, 4.2, 4.4, 99, 98),
(3.89, 4.19, 4.39, 98.9, 97.9),
(3.88, 4.18, 4.38, 98.8, 97.8),
(3.87, 4.17, 4.37, 98.7, 97.7),
(3.86, 4.16, 4.36, 98.6, 97.6),
(3.85, 4.15, 4.35, 98.5, 97.5),
(3.84, 4.14, 4.34, 98.4, 97.4),
(3.83, 4.13, 4.33, 98.3, 97.3),
(3.82, 4.12, 4.32, 98.2, 97.2),
(3.81, 4.11, 4.31, 98.1, 97.1),
(3.8, 4.1, 4.3, 98, 97),
(3.79, 4.09, 4.29, 97.9, 96.9),
(3.78, 4.08, 4.28, 97.8, 96.8),
(3.77, 4.07, 4.27, 97.7, 96.7),
(3.76, 4.06, 4.26, 97.6, 96.6),
(3.75, 4.05, 4.25, 97.5, 96.5),
(3.74, 4.04, 4.24, 97.4, 96.4),
(3.73, 4.03, 4.23, 97.3, 96.3),
(3.72, 4.02, 4.22, 97.2, 96.2),
(3.71, 4.01, 4.21, 97.1, 96.1),
(3.7, 4, 4.2, 97, 96),
(3.69, 3.99, 4.19, 96.9, 95.9),
(3.68, 3.98, 4.18, 96.8, 95.8),
(3.67, 3.97, 4.17, 96.7, 95.7),
(3.66, 3.96, 4.16, 96.6, 95.6),
(3.65, 3.95, 4.15, 96.5, 95.5),
(3.64, 3.94, 4.14, 96.4, 95.4),
(3.63, 3.93, 4.13, 96.3, 95.3),
(3.62, 3.92, 4.12, 96.2, 95.2),
(3.61, 3.91, 4.11, 96.1, 95.1),
(3.6, 3.9, 4.1, 96, 95),
(3.59, 3.89, 4.09, 95.9, 94.9),
(3.58, 3.88, 4.08, 95.8, 94.8),
(3.57, 3.87, 4.07, 95.7, 94.7),
(3.56, 3.86, 4.06, 95.6, 94.6),
(3.55, 3.85, 4.05, 95.5, 94.5),
(3.54, 3.84, 4.04, 95.4, 94.4),
(3.53, 3.83, 4.03, 95.3, 94.3),
(3.52, 3.82, 4.02, 95.2, 94.2),
(3.51, 3.81, 4.01, 95.1, 94.1),
(3.5, 3.8, 4, 95, 94),
(3.49, 3.79, 3.99, 94.9, 93.9),
(3.48, 3.78, 3.98, 94.8, 93.8),
(3.47, 3.77, 3.97, 94.7, 93.7),
(3.46, 3.76, 3.96, 94.6, 93.6),
(3.45, 3.75, 3.95, 94.5, 93.5),
(3.44, 3.74, 3.94, 94.4, 93.4),
(3.43, 3.73, 3.93, 94.3, 93.3),
(3.42, 3.72, 3.92, 94.2, 93.2),
(3.41, 3.71, 3.91, 94.1, 93.1),
(3.4, 3.7, 3.9, 94, 93),
(3.39, 3.69, 3.89, 93.9, 92.9),
(3.38, 3.68, 3.88, 93.8, 92.8),
(3.37, 3.67, 3.87, 93.7, 92.7),
(3.36, 3.66, 3.86, 93.6, 92.6),
(3.35, 3.65, 3.85, 93.5, 92.5),
(3.34, 3.64, 3.84, 93.4, 92.4),
(3.33, 3.63, 3.83, 93.3, 92.3),
(3.32, 3.62, 3.82, 93.2, 92.2),
(3.31, 3.61, 3.81, 93.1, 92.1),
(3.3, 3.6, 3.8, 93, 92),
(3.29, 3.59, 3.79, 92.9, 91.9),
(3.28, 3.58, 3.78, 92.8, 91.8),
(3.27, 3.57, 3.77, 92.7, 91.7),
(3.26, 3.56, 3.76, 92.6, 91.6),
(3.25, 3.55, 3.75, 92.5, 91.5),
(3.24, 3.54, 3.74, 92.4, 91.4),
(3.23, 3.53, 3.73, 92.3, 91.3),
(3.22, 3.52, 3.72, 92.2, 91.2),
(3.21, 3.51, 3.71, 92.1, 91.1),
(3.2, 3.5, 3.7, 92, 91),
(3.19, 3.49, 3.69, 91.9, 90.9),
(3.18, 3.48, 3.68, 91.8, 90.8),
(3.17, 3.47, 3.67, 91.7, 90.7),
(3.16, 3.46, 3.66, 91.6, 90.6),
(3.15, 3.45, 3.65, 91.5, 90.5),
(3.14, 3.44, 3.64, 91.4, 90.4),
(3.13, 3.43, 3.63, 91.3, 90.3),
(3.12, 3.42, 3.62, 91.2, 90.2),
(3.11, 3.41, 3.61, 91.1, 90.1),
(3.1, 3.4, 3.6, 91, 90),
(3.09, 3.39, 3.59, 90.9, 89.9),
(3.08, 3.38, 3.58, 90.8, 89.8),
(3.07, 3.37, 3.57, 90.7, 89.7),
(3.06, 3.36, 3.56, 90.6, 89.6),
(3.05, 3.35, 3.55, 90.5, 89.5),
(3.04, 3.34, 3.54, 90.4, 89.4),
(3.03, 3.33, 3.53, 90.3, 89.3),
(3.02, 3.32, 3.52, 90.2, 89.2),
(3.01, 3.31, 3.51, 90.1, 89.1),
(3, 3.3, 3.5, 90, 89),
(2.99, 3.29, 3.49, 89.9, 88.9),
(2.98, 3.28, 3.48, 89.8, 88.8),
(2.97, 3.27, 3.47, 89.7, 88.7),
(2.96, 3.26, 3.46, 89.6, 88.6),
(2.95, 3.25, 3.45, 89.5, 88.5),
(2.94, 3.24, 3.44, 89.4, 88.4),
(2.93, 3.23, 3.43, 89.3, 88.3),
(2.92, 3.22, 3.42, 89.2, 88.2),
(2.91, 3.21, 3.41, 89.1, 88.1),
(2.9, 3.2, 3.4, 89, 88),
(2.89, 3.19, 3.39, 88.9, 87.9),
(2.88, 3.18, 3.38, 88.8, 87.8),
(2.87, 3.17, 3.37, 88.7, 87.7),
(2.86, 3.16, 3.36, 88.6, 87.6),
(2.85, 3.15, 3.35, 88.5, 87.5),
(2.84, 3.14, 3.34, 88.4, 87.4),
(2.83, 3.13, 3.33, 88.3, 87.3),
(3.12, 3.17, 3.32, 88.2, 87.2),
(2.81, 3.11, 3.31, 88.1, 87.1),
(2.8, 3.1, 3.3, 88, 87),
(2.79, 3.09, 3.29, 87.9, 86.9),
(2.78, 3.08, 3.28, 87.8, 86.8),
(2.77, 3.07, 3.27, 87.7, 86.7),
(2.76, 3.06, 3.26, 87.6, 86.6),
(2.75, 3.05, 3.25, 87.5, 86.5),
(2.74, 3.04, 3.24, 87.4, 86.4),
(2.73, 3.03, 3.23, 87.3, 86.3),
(2.72, 3.02, 3.22, 87.2, 86.2),
(2.71, 3.01, 3.21, 87.1, 86.1),
(2.7, 3, 3.2, 87, 86),
(2.69, 2.99, 3.19, 86.9, 85.9),
(2.68, 2.98, 3.18, 86.8, 85.8),
(2.67, 2.97, 3.17, 86.7, 85.7),
(2.66, 2.96, 3.16, 86.6, 85.6),
(2.65, 2.95, 3.15, 86.5, 85.5),
(2.64, 2.94, 3.14, 86.4, 85.4),
(2.63, 2.93, 3.13, 86.3, 85.3),
(2.62, 2.92, 3.12, 86.2, 85.2),
(2.61, 2.91, 3.11, 86.1, 85.1),
(2.6, 2.9, 3.1, 86, 85),
(2.59, 2.89, 3.09, 85.9, 84.9),
(2.58, 2.88, 3.08, 85.8, 84.8),
(2.57, 2.87, 3.07, 85.7, 84.7),
(2.56, 2.86, 3.06, 85.6, 84.6),
(2.55, 2.85, 3.05, 85.5, 84.5),
(2.54, 2.84, 3.04, 85.4, 84.4),
(2.53, 2.83, 3.03, 85.3, 84.3),
(2.52, 2.82, 3.02, 85.2, 84.2),
(2.51, 2.81, 3.01, 85.1, 84.1),
(2.5, 2.8, 3, 85, 84),
(2.49, 2.79, 2.99, 84.9, 83.9),
(2.48, 2.78, 2.98, 84.8, 83.8),
(2.47, 2.77, 2.97, 84.7, 83.7),
(2.46, 2.76, 2.96, 84.6, 83.6),
(2.45, 2.75, 2.95, 84.5, 83.5),
(2.44, 2.74, 2.94, 84.4, 83.4),
(2.43, 2.73, 2.93, 84.3, 83.3),
(2.42, 2.72, 2.92, 84.2, 83.2),
(2.41, 2.71, 2.91, 84.1, 83.1),
(2.4, 2.7, 2.9, 84, 83),
(2.39, 2.69, 2.89, 83.9, 82.9),
(2.38, 2.68, 2.88, 83.8, 82.8),
(2.37, 2.67, 2.87, 83.7, 82.7),
(2.36, 2.66, 2.86, 83.6, 82.6),
(2.35, 2.65, 2.85, 83.5, 82.5),
(2.34, 2.64, 2.84, 83.4, 82.4),
(2.33, 2.63, 2.83, 83.3, 82.3),
(2.32, 2.62, 2.82, 83.2, 82.2),
(2.31, 2.61, 2.81, 83.1, 82.1),
(2.3, 2.6, 2.8, 83, 82),
(2.29, 2.59, 2.79, 82.9, 81.9),
(2.28, 2.58, 2.78, 82.8, 81.8),
(2.27, 2.57, 2.77, 82.7, 81.7),
(2.26, 2.56, 2.76, 82.6, 81.6),
(2.25, 2.55, 2.75, 82.5, 81.5),
(2.24, 2.54, 2.74, 82.4, 81.4),
(2.23, 2.53, 2.73, 82.3, 81.3),
(2.22, 2.52, 2.72, 82.2, 81.2),
(2.21, 2.51, 2.71, 82.1, 81.1),
(2.2, 2.5, 2.7, 82, 81),
(2.19, 2.49, 2.69, 81.9, 80.9),
(2.18, 2.48, 2.68, 81.8, 80.8),
(2.17, 2.47, 2.67, 81.7, 80.7),
(2.16, 2.46, 2.66, 81.6, 80.6),
(2.15, 2.45, 2.65, 81.5, 80.5),
(2.14, 2.44, 2.64, 81.4, 80.4),
(2.13, 2.43, 2.63, 81.3, 80.3),
(2.12, 2.42, 2.62, 81.2, 80.2),
(2.11, 2.41, 2.61, 81.1, 80.1),
(2.1, 2.4, 2.6, 81, 80),
(2.09, 2.09, 2.59, 80.9, 79.9),
(2.08, 2.38, 2.58, 80.8, 79.8),
(2.07, 2.37, 2.57, 80.7, 79.7),
(2.06, 2.36, 2.56, 80.6, 79.6),
(2.05, 2.35, 2.55, 80.5, 79.5),
(2.04, 2.34, 2.54, 80.4, 79.4),
(2.03, 2.33, 2.53, 80.3, 79.3),
(2.02, 2.32, 2.52, 80.2, 79.2),
(2.01, 2.31, 2.51, 80.1, 79.1),
(2, 2.3, 2.5, 80, 79),
(1.99, 2.29, 2.49, 79.9, 78.9),
(1.98, 2.28, 2.48, 79.8, 78.8),
(1.97, 2.27, 2.47, 79.7, 78.7),
(1.96, 2.26, 2.46, 79.6, 78.6),
(1.95, 2.25, 2.45, 79.5, 78.5),
(1.94, 2.24, 2.44, 79.4, 78.4),
(1.93, 2.23, 2.43, 79.3, 78.3),
(1.92, 2.22, 2.42, 79.2, 78.2),
(1.91, 2.21, 2.41, 79.1, 78.1),
(1.9, 2.2, 2.4, 79, 78),
(1.89, 2.19, 2.39, 78.9, 77.9),
(1.88, 2.18, 2.38, 78.8, 77.8),
(1.87, 2.17, 2.37, 78.7, 77.7),
(1.86, 2.16, 2.36, 78.6, 77.6),
(1.85, 2.15, 2.35, 78.5, 77.5),
(2.14, 2.19, 2.34, 78.4, 77.4),
(1.83, 2.13, 2.33, 78.3, 77.3),
(1.82, 2.12, 2.32, 78.2, 77.2),
(1.81, 2.11, 2.31, 78.1, 77.1),
(1.8, 2.1, 2.3, 78, 77),
(1.79, 2.09, 2.29, 77.9, 76.9),
(1.78, 2.08, 2.28, 77.8, 76.8),
(1.77, 2.07, 2.27, 77.7, 76.7),
(1.76, 2.06, 2.26, 77.6, 76.6),
(1.75, 2.05, 2.25, 77.5, 76.5),
(1.74, 2.04, 2.24, 77.4, 76.4),
(1.73, 2.03, 2.23, 77.3, 76.3),
(1.72, 2.02, 2.22, 77.2, 76.2),
(1.71, 2.01, 2.21, 77.1, 76.1),
(1.7, 2, 2.2, 77, 76),
(1.69, 1.99, 2.19, 76.9, 75.9),
(1.68, 1.98, 2.18, 76.8, 75.8),
(1.67, 1.97, 2.17, 76.7, 75.7),
(1.66, 1.96, 2.16, 76.6, 75.6),
(1.65, 1.95, 2.15, 76.5, 75.5),
(1.64, 1.94, 2.14, 76.4, 75.4),
(1.63, 1.93, 2.13, 76.3, 75.3),
(1.62, 1.92, 2.12, 76.2, 75.2),
(1.61, 1.91, 2.11, 76.1, 75.1),
(1.6, 1.9, 2.1, 76, 75),
(1.59, 1.89, 2.09, 75.9, 74.9),
(1.58, 1.88, 2.08, 75.8, 74.8),
(1.57, 1.87, 2.07, 75.7, 74.7),
(1.56, 1.86, 2.06, 75.6, 74.6),
(1.55, 1.85, 2.05, 75.5, 74.5),
(1.54, 1.84, 2.04, 75.4, 74.4),
(1.53, 1.83, 2.03, 75.3, 74.3),
(1.52, 1.82, 2.02, 75.2, 74.2),
(1.51, 1.81, 2.01, 75.1, 74.1),
(1.5, 1.8, 2, 75, 74),
(1.49, 1.79, 1.99, 74.9, 73.9),
(1.48, 1.78, 1.98, 74.8, 73.8),
(1.47, 1.77, 1.97, 74.7, 73.7),
(1.46, 1.76, 1.96, 74.6, 73.6),
(1.45, 1.75, 1.95, 74.5, 73.5),
(1.49, 1.74, 1.94, 74.4, 73.4),
(1.43, 1.73, 1.93, 74.3, 73.3),
(1.42, 1.72, 1.92, 74.2, 73.2),
(1.41, 1.71, 1.91, 74.1, 73.1),
(1.4, 1.7, 1.9, 74, 73),
(1.39, 1.69, 1.89, 73.9, 72.9),
(1.38, 1.68, 1.88, 73.8, 72.8),
(1.37, 1.67, 1.87, 73.7, 72.7),
(1.36, 1.66, 1.86, 73.6, 72.6),
(1.35, 1.65, 1.85, 73.5, 72.5),
(1.34, 1.64, 1.84, 73.4, 72.4),
(1.33, 1.63, 1.83, 73.3, 72.3),
(1.32, 1.62, 1.82, 73.2, 72.2),
(1.31, 1.61, 1.81, 73.1, 72.1),
(1.3, 1.6, 1.8, 73, 72),
(1.29, 1.59, 1.79, 72.9, 71.9),
(1.28, 1.58, 1.78, 72.8, 71.8),
(1.27, 1.57, 1.77, 72.7, 71.7),
(1.26, 1.56, 1.76, 72.6, 71.6),
(1.25, 1.55, 1.75, 72.5, 71.5),
(1.24, 1.54, 1.74, 72.4, 71.4),
(1.23, 1.53, 1.73, 72.3, 71.3),
(1.22, 1.52, 1.72, 72.2, 71.2),
(1.21, 1.51, 1.71, 72.1, 71.1),
(1.2, 1.5, 1.7, 72, 71),
(1.19, 1.49, 1.69, 71.9, 70.9),
(1.18, 1.48, 1.68, 71.8, 70.8),
(1.17, 1.47, 1.67, 71.7, 70.7),
(1.16, 1.46, 1.66, 71.6, 70.6),
(1.15, 1.45, 1.65, 71.5, 70.5),
(1.14, 1.44, 1.64, 71.4, 70.4),
(1.13, 1.43, 1.63, 71.3, 70.3),
(1.12, 1.42, 1.62, 71.2, 70.2),
(1.11, 1.41, 1.61, 71.1, 70.1),
(1.1, 1.4, 1.6, 71, 70),
(1.09, 1.39, 1.59, 70.9, 69.9),
(1.08, 1.38, 1.58, 70.8, 69.8),
(1.07, 1.37, 1.57, 70.7, 69.7),
(1.06, 1.36, 1.56, 70.6, 69.6),
(1.05, 1.35, 1.55, 70.5, 69.5),
(1.04, 1.34, 1.54, 70.4, 69.4),
(1.03, 1.33, 1.53, 70.3, 69.3),
(1.02, 1.32, 1.52, 70.2, 69.2),
(1.01, 1.31, 1.51, 70.1, 69.1),
(1, 1.3, 1.5, 70, 69);

-- --------------------------------------------------------

--
-- 테이블 구조 `hyuengconverttable`
--

CREATE TABLE `hyuengconverttable` (
  `toeic` int(11) DEFAULT NULL,
  `toefl` int(11) DEFAULT NULL,
  `teps` int(11) DEFAULT NULL,
  `score` double DEFAULT NULL
) ENGINE=InnoDB DEFAULT CHARSET=utf8;

--
-- 테이블의 덤프 데이터 `hyuengconverttable`
--

INSERT INTO `hyuengconverttable` (`toeic`, `toefl`, `teps`, `score`) VALUES
(970, 115, 893, 10),
(950, 111, 852, 9.5),
(920, 17, 798, 9),
(880, 102, 737, 8.5),
(840, 96, 681, 8),
(800, 91, 637, 7.5),
(760, 86, 602, 7),
(720, 82, 571, 6.5),
(680, 78, 541, 6),
(640, 74, 515, 5.5),
(639, 73, 541, 5);

-- --------------------------------------------------------

--
-- 테이블 구조 `ihuengconverttable`
--

CREATE TABLE `ihuengconverttable` (
  `toeic` int(11) DEFAULT NULL,
  `toefl` int(11) DEFAULT NULL,
  `teps` int(11) DEFAULT NULL
) ENGINE=InnoDB DEFAULT CHARSET=utf8;

--
-- 테이블의 덤프 데이터 `ihuengconverttable`
--

INSERT INTO `ihuengconverttable` (`toeic`, `toefl`, `teps`) VALUES
(990, 118, 927),
(985, 117, 919),
(980, 116, 911),
(975, 116, 902),
(970, 115, 893),
(965, 114, 884),
(960, 113, 873),
(950, 112, 853),
(940, 111, 840),
(935, 110, 828),
(930, 109, 815),
(920, 108, 803),
(915, 107, 791),
(905, 106, 778),
(900, 105, 766),
(895, 104, 758),
(890, 103, 751),
(885, 103, 744),
(880, 102, 737),
(875, 101, 730),
(870, 101, 723),
(865, 100, 716),
(860, 99, 708),
(855, 99, 701),
(850, 98, 695),
(845, 97, 688),
(840, 96, 681),
(835, 96, 675),
(830, 95, 669),
(825, 94, 663),
(820, 94, 658),
(815, 93, 652),
(810, 92, 647),
(805, 92, 642),
(800, 91, 637),
(795, 90, 632),
(790, 90, 628),
(785, 89, 623),
(780, 88, 619),
(775, 88, 615),
(770, 87, 611),
(765, 86, 606),
(760, 86, 602),
(755, 85, 598),
(750, 85, 594),
(745, 84, 590),
(740, 83, 585),
(735, 83, 581),
(730, 82, 577),
(725, 82, 573),
(720, 81, 569),
(715, 81, 566),
(710, 80, 562),
(705, 80, 558),
(700, 79, 555),
(695, 79, 551),
(690, 78, 548),
(685, 78, 544),
(680, 78, 541),
(675, 77, 538),
(670, 77, 534),
(665, 76, 531),
(660, 76, 527),
(655, 75, 524),
(650, 74, 520),
(645, 74, 516),
(640, 73, 512),
(635, 73, 508),
(630, 72, 505),
(625, 71, 501),
(620, 71, 497),
(615, 70, 493),
(610, 69, 489),
(605, 69, 486),
(600, 68, 482),
(595, 68, 479),
(590, 67, 476),
(585, 67, 473),
(580, 66, 469),
(575, 66, 466),
(570, 65, 463),
(565, 65, 460),
(560, 64, 456),
(555, 64, 453),
(550, 63, 450),
(545, 63, 447),
(540, 62, 443),
(535, 61, 440),
(530, 61, 437),
(525, 60, 433),
(520, 60, 431);

-- --------------------------------------------------------

--
-- 테이블 구조 `ihugpaconverttable`
--

CREATE TABLE `ihugpaconverttable` (
  `4.5` double NOT NULL DEFAULT '0',
  `score` double DEFAULT NULL
) ENGINE=InnoDB DEFAULT CHARSET=utf8;

--
-- 테이블의 덤프 데이터 `ihugpaconverttable`
--

INSERT INTO `ihugpaconverttable` (`4.5`, `score`) VALUES
(1.24, 101),
(1.25, 102),
(1.26, 103),
(1.27, 104),
(1.28, 105),
(1.29, 106),
(1.3, 107),
(1.31, 108),
(1.32, 109),
(1.33, 110),
(1.34, 111),
(1.35, 112),
(1.36, 113),
(1.37, 114),
(1.38, 115),
(1.39, 116),
(1.4, 117),
(1.41, 118),
(1.42, 119),
(1.43, 120),
(1.44, 121),
(1.45, 122),
(1.46, 123),
(1.47, 124),
(1.48, 125),
(1.49, 126),
(1.5, 127),
(1.51, 128),
(1.52, 129),
(1.53, 130),
(1.54, 131),
(1.55, 132),
(1.56, 133),
(1.57, 134),
(1.58, 135),
(1.59, 136),
(1.6, 137),
(1.61, 138),
(1.62, 139),
(1.63, 140),
(1.64, 141),
(1.65, 142),
(1.66, 143),
(1.67, 144),
(1.68, 145),
(1.69, 146),
(1.7, 147),
(1.71, 148),
(1.72, 149),
(1.73, 150),
(1.74, 151),
(1.75, 152),
(1.76, 153),
(1.77, 154),
(1.78, 155),
(1.79, 156),
(1.8, 157),
(1.81, 158),
(1.82, 159),
(1.83, 160),
(1.84, 161),
(1.85, 162),
(1.86, 163),
(1.87, 164),
(1.88, 165),
(1.89, 166),
(1.9, 167),
(1.91, 168),
(1.92, 169),
(1.93, 170),
(1.94, 171),
(1.95, 172),
(1.96, 173),
(1.97, 174),
(1.98, 175),
(1.99, 176),
(2, 177),
(2.01, 177.1),
(2.02, 177.2),
(2.03, 177.3),
(2.04, 177.4),
(2.05, 177.5),
(2.06, 177.6),
(2.07, 177.7),
(2.08, 177.8),
(2.09, 177.9),
(2.1, 178),
(2.11, 178.1),
(2.12, 178.2),
(2.13, 178.3),
(2.14, 178.4),
(2.15, 178.5),
(2.16, 178.6),
(2.17, 178.7),
(2.18, 178.8),
(2.19, 178.9),
(2.2, 179),
(2.21, 179.1),
(2.22, 179.2),
(2.23, 179.3),
(2.24, 179.4),
(2.25, 179.5),
(2.26, 179.6),
(2.27, 179.7),
(2.28, 179.8),
(2.29, 179.9),
(2.3, 180),
(2.31, 180.1),
(2.32, 180.2),
(2.33, 180.3),
(2.34, 180.4),
(2.35, 180.5),
(2.36, 180.6),
(2.37, 180.7),
(2.38, 180.8),
(2.39, 180.9),
(2.4, 181),
(2.41, 181.1),
(2.42, 181.2),
(2.43, 181.3),
(2.44, 181.4),
(2.45, 181.5),
(2.46, 181.6),
(2.47, 181.7),
(2.48, 181.8),
(2.49, 181.9),
(2.5, 182),
(2.51, 182.1),
(2.52, 182.2),
(2.53, 182.3),
(2.54, 182.4),
(2.55, 182.5),
(2.56, 182.6),
(2.57, 182.7),
(2.58, 182.8),
(2.59, 182.9),
(2.6, 183),
(2.61, 183.1),
(2.62, 183.2),
(2.63, 183.3),
(2.64, 183.4),
(2.65, 183.5),
(2.66, 183.6),
(2.67, 183.7),
(2.68, 183.8),
(2.69, 183.9),
(2.7, 184),
(2.71, 184.1),
(2.72, 184.2),
(2.73, 184.3),
(2.74, 184.4),
(2.75, 184.5),
(2.76, 184.6),
(2.77, 184.7),
(2.78, 184.8),
(2.79, 184.9),
(2.8, 185),
(2.81, 185.1),
(2.82, 185.2),
(2.83, 185.3),
(2.84, 185.4),
(2.85, 185.5),
(2.86, 185.6),
(2.87, 185.7),
(2.88, 185.8),
(2.89, 185.9),
(2.9, 186),
(2.91, 186.1),
(2.92, 186.2),
(2.93, 186.3),
(2.94, 186.4),
(2.95, 186.5),
(2.96, 186.6),
(2.97, 186.7),
(2.98, 186.8),
(2.99, 186.9),
(3, 187),
(3.01, 187.1),
(3.02, 187.2),
(3.03, 187.3),
(3.04, 187.4),
(3.05, 187.5),
(3.06, 187.6),
(3.07, 187.7),
(3.08, 187.8),
(3.09, 187.9),
(3.1, 188),
(3.11, 188.1),
(3.12, 188.2),
(3.13, 188.3),
(3.14, 188.4),
(3.15, 188.5),
(3.16, 188.6),
(3.17, 188.7),
(3.18, 188.8),
(3.19, 188.9),
(3.2, 189),
(3.21, 189.1),
(3.22, 189.2),
(3.23, 189.3),
(3.24, 189.4),
(3.25, 189.5),
(3.26, 189.6),
(3.27, 189.7),
(3.28, 189.8),
(3.29, 189.9),
(3.3, 190),
(3.31, 190.1),
(3.32, 190.2),
(3.33, 190.3),
(3.34, 190.4),
(3.35, 190.5),
(3.36, 190.6),
(3.37, 190.7),
(3.38, 190.8),
(3.39, 190.9),
(3.4, 191),
(3.41, 191.1),
(3.42, 191.2),
(3.43, 191.3),
(3.44, 191.4),
(3.45, 191.5),
(3.46, 191.6),
(3.47, 191.7),
(3.48, 191.8),
(3.49, 191.9),
(3.5, 192),
(3.51, 192.1),
(3.52, 192.2),
(3.53, 192.3),
(3.54, 192.4),
(3.55, 192.5),
(3.56, 192.6),
(3.57, 192.7),
(3.58, 192.8),
(3.59, 192.9),
(3.6, 193),
(3.61, 193.1),
(3.62, 193.2),
(3.63, 193.3),
(3.64, 193.4),
(3.65, 193.5),
(3.66, 193.6),
(3.67, 193.7),
(3.68, 193.8),
(3.69, 193.9),
(3.7, 194),
(3.71, 194.1),
(3.72, 194.2),
(3.73, 194.3),
(3.74, 194.4),
(3.75, 194.5),
(3.76, 194.6),
(3.77, 194.7),
(3.78, 194.8),
(3.79, 194.9),
(3.8, 195),
(3.81, 195.1),
(3.82, 195.2),
(3.83, 195.3),
(3.84, 195.4),
(3.85, 195.5),
(3.86, 195.6),
(3.87, 195.7),
(3.88, 195.8),
(3.89, 195.9),
(3.9, 196),
(3.91, 196.1),
(3.92, 196.2),
(3.93, 196.3),
(3.94, 196.4),
(3.95, 196.5),
(3.96, 196.6),
(3.97, 196.7),
(3.98, 196.8),
(3.99, 196.9),
(4, 197),
(4.01, 197.1),
(4.02, 197.2),
(4.03, 197.3),
(4.04, 197.4),
(4.05, 197.5),
(4.06, 197.6),
(4.07, 197.7),
(4.08, 197.8),
(4.09, 197.9),
(4.1, 198),
(4.11, 198.1),
(4.12, 198.2),
(4.13, 198.3),
(4.14, 198.4),
(4.15, 198.5),
(4.16, 198.6),
(4.17, 198.7),
(4.18, 198.8),
(4.19, 198.9),
(4.2, 199),
(4.21, 199.1),
(4.22, 199.2),
(4.23, 199.3),
(4.24, 199.4),
(4.25, 199.5),
(4.26, 199.6),
(4.27, 199.7),
(4.28, 199.8),
(4.29, 199.9),
(4.3, 200);

-- --------------------------------------------------------

--
-- 테이블 구조 `jbuengconverttable`
--

CREATE TABLE `jbuengconverttable` (
  `toeic` int(11) NOT NULL DEFAULT '0',
  `toefl` int(11) DEFAULT NULL,
  `teps` int(11) DEFAULT NULL
) ENGINE=InnoDB DEFAULT CHARSET=utf8;

--
-- 테이블의 덤프 데이터 `jbuengconverttable`
--

INSERT INTO `jbuengconverttable` (`toeic`, `toefl`, `teps`) VALUES
(795, 91, 635),
(800, 91, 637),
(805, 92, 642),
(810, 92, 647),
(815, 93, 652),
(820, 94, 658),
(825, 94, 663),
(830, 95, 669),
(835, 96, 675),
(840, 96, 681),
(845, 97, 688),
(850, 98, 695),
(855, 99, 701),
(860, 99, 708),
(865, 100, 716),
(870, 101, 723),
(875, 101, 730),
(880, 102, 737),
(885, 103, 744),
(890, 103, 751),
(895, 104, 758),
(900, 105, 766),
(905, 105, 774),
(910, 106, 782),
(915, 106, 791),
(920, 107, 798),
(925, 108, 806),
(930, 109, 815),
(935, 109, 824),
(940, 110, 833),
(945, 111, 842),
(950, 111, 852),
(955, 112, 863),
(960, 113, 873),
(965, 114, 884),
(970, 115, 893),
(975, 116, 902),
(980, 116, 911),
(985, 117, 919),
(990, 118, 927);

-- --------------------------------------------------------

--
-- 테이블 구조 `jbugpaconverttable`
--

CREATE TABLE `jbugpaconverttable` (
  `100` int(11) DEFAULT NULL,
  `score` double DEFAULT NULL
) ENGINE=InnoDB DEFAULT CHARSET=utf8;

--
-- 테이블의 덤프 데이터 `jbugpaconverttable`
--

INSERT INTO `jbugpaconverttable` (`100`, `score`) VALUES
(98, 15),
(95, 14.5),
(93, 14),
(90, 13.5),
(88, 13),
(85, 12.5),
(83, 12),
(80, 11),
(75, 9),
(70, 6),
(69, 0);

-- --------------------------------------------------------

--
-- 테이블 구조 `jjuengconverttable`
--

CREATE TABLE `jjuengconverttable` (
  `toeic` int(11) DEFAULT NULL,
  `toefl` int(11) DEFAULT NULL,
  `teps` int(11) DEFAULT NULL,
  `score` int(11) DEFAULT NULL
) ENGINE=InnoDB DEFAULT CHARSET=utf8;

--
-- 테이블의 덤프 데이터 `jjuengconverttable`
--

INSERT INTO `jjuengconverttable` (`toeic`, `toefl`, `teps`, `score`) VALUES
(978, 118, 973, 100),
(964, 116, 955, 98),
(951, 114, 937, 96),
(937, 111, 920, 94),
(924, 109, 902, 92),
(910, 108, 884, 90),
(897, 105, 866, 88),
(883, 103, 848, 86),
(870, 102, 830, 84),
(856, 98, 812, 82),
(843, 96, 795, 80),
(829, 93, 777, 78),
(816, 92, 759, 76),
(802, 90, 741, 74),
(789, 88, 723, 72),
(775, 86, 705, 70),
(762, 84, 688, 68),
(748, 81, 670, 66),
(735, 80, 652, 64),
(721, 77, 634, 62),
(710, 75, 616, 60);

-- --------------------------------------------------------

--
-- 테이블 구조 `jjugpaconverttable`
--

CREATE TABLE `jjugpaconverttable` (
  `score` double DEFAULT NULL,
  `4.0` double DEFAULT NULL,
  `4.3` double DEFAULT NULL,
  `4.5` double DEFAULT NULL
) ENGINE=InnoDB DEFAULT CHARSET=utf8;

--
-- 테이블의 덤프 데이터 `jjugpaconverttable`
--

INSERT INTO `jjugpaconverttable` (`score`, `4.0`, `4.3`, `4.5`) VALUES
(100, 4, 4.3, 4.5),
(99.8, 3.99, 4.29, 4.49),
(99.6, 3.98, 4.28, 4.48),
(99.4, 3.97, 4.27, 4.47),
(99.2, 3.96, 4.26, 4.46),
(99, 3.95, 4.25, 4.45),
(98.8, 3.94, 4.24, 4.44),
(98.6, 3.93, 4.23, 4.43),
(98.4, 3.92, 4.22, 4.42),
(98.2, 3.91, 4.21, 4.41),
(98, 3.9, 4.2, 4.4),
(97.9, 3.89, 4.19, 4.39),
(97.8, 3.88, 4.18, 4.38),
(97.7, 3.87, 4.17, 4.37),
(97.6, 3.86, 4.16, 4.36),
(97.5, 3.85, 4.15, 4.35),
(97.4, 3.84, 4.14, 4.34),
(97.3, 3.83, 4.13, 4.33),
(97.2, 3.82, 4.12, 4.32),
(97.1, 3.81, 4.11, 4.31),
(97, 3.8, 4.1, 4.3),
(96.9, 3.79, 4.09, 4.29),
(96.8, 3.78, 4.08, 4.28),
(96.7, 3.77, 4.07, 4.27),
(96.6, 3.76, 4.06, 4.26),
(96.5, 3.75, 4.05, 4.25),
(96.4, 3.74, 4.04, 4.24),
(96.3, 3.73, 4.03, 4.23),
(96.2, 3.72, 4.02, 4.22),
(96.1, 3.71, 4.01, 4.21),
(96, 3.7, 4, 4.2),
(95.9, 3.69, 3.99, 4.19),
(95.8, 3.68, 3.98, 4.18),
(95.7, 3.67, 3.97, 4.17),
(95.6, 3.66, 3.96, 4.16),
(95.5, 3.65, 3.95, 4.15),
(95.4, 3.64, 3.94, 4.14),
(95.3, 3.63, 3.93, 4.13),
(95.2, 3.62, 3.92, 4.12),
(95.1, 3.61, 3.91, 4.11),
(95, 3.6, 3.9, 4.1),
(94.9, 3.59, 3.89, 4.09),
(94.8, 3.58, 3.88, 4.08),
(94.7, 3.57, 3.87, 4.07),
(94.6, 3.56, 3.86, 4.06),
(94.5, 3.55, 3.85, 4.05),
(94.4, 3.54, 3.84, 4.04),
(94.3, 3.53, 3.83, 4.03),
(94.2, 3.52, 3.82, 4.02),
(94.1, 3.51, 3.81, 4.01),
(94, 3.5, 3.8, 4),
(93.9, 3.49, 3.79, 3.99),
(93.8, 3.48, 3.78, 3.98),
(93.7, 3.47, 3.77, 3.97),
(93.6, 3.46, 3.76, 3.96),
(93.5, 3.45, 3.75, 3.95),
(93.4, 3.44, 3.74, 3.94),
(93.3, 3.43, 3.73, 3.93),
(93.2, 3.42, 3.72, 3.92),
(93.1, 3.41, 3.71, 3.91),
(93, 3.4, 3.7, 3.9),
(92.9, 3.39, 3.69, 3.89),
(92.8, 3.38, 3.68, 3.88),
(92.7, 3.37, 3.67, 3.87),
(92.6, 3.36, 3.66, 3.86),
(92.5, 3.35, 3.65, 3.85),
(92.4, 3.34, 3.64, 3.84),
(92.3, 3.33, 3.63, 3.83),
(92.2, 3.32, 3.62, 3.82),
(92.1, 3.31, 3.61, 3.81),
(92, 3.3, 3.6, 3.8),
(91.9, 3.29, 3.59, 3.79),
(91.8, 3.28, 3.58, 3.78),
(91.7, 3.27, 3.57, 3.77),
(91.6, 3.26, 3.56, 3.76),
(91.5, 3.25, 3.55, 3.75),
(91.4, 3.24, 3.54, 3.74),
(91.3, 3.23, 3.53, 3.73),
(91.2, 3.22, 3.52, 3.72),
(91.1, 3.21, 3.51, 3.71),
(91, 3.2, 3.5, 3.7),
(90.9, 3.19, 3.49, 3.69),
(90.8, 3.18, 3.48, 3.68),
(90.7, 3.17, 3.47, 3.67),
(90.6, 3.16, 3.46, 3.66),
(90.5, 3.15, 3.45, 3.65),
(90.4, 3.14, 3.44, 3.64),
(90.3, 3.13, 3.43, 3.63),
(90.2, 3.12, 3.42, 3.62),
(90.1, 3.11, 3.41, 3.61),
(90, 3.1, 3.4, 3.6),
(89.9, 3.09, 3.39, 3.59),
(89.8, 3.08, 3.38, 3.58),
(89.7, 3.07, 3.37, 3.57),
(89.6, 3.06, 3.36, 3.56),
(89.5, 3.05, 3.35, 3.55),
(89.4, 3.04, 3.34, 3.54),
(89.3, 3.03, 3.33, 3.53),
(89.2, 3.02, 3.32, 3.52),
(89.1, 3.01, 3.31, 3.51),
(89, 3, 3.3, 3.5),
(88.9, 2.99, 3.29, 3.49),
(88.8, 2.98, 3.28, 3.48),
(88.7, 2.97, 3.27, 3.47),
(88.6, 2.96, 3.26, 3.46),
(88.5, 2.95, 3.25, 3.45),
(88.4, 2.94, 3.24, 3.44),
(88.3, 2.93, 3.23, 3.43),
(88.2, 2.92, 3.22, 3.42),
(88.1, 2.91, 3.21, 3.41),
(88, 2.9, 3.2, 3.4),
(87.9, 2.89, 3.19, 3.39),
(87.8, 2.88, 3.18, 3.38),
(87.7, 2.87, 3.17, 3.37),
(87.6, 2.86, 3.16, 3.36),
(87.5, 2.85, 3.15, 3.35),
(87.4, 2.84, 3.14, 3.34),
(87.3, 2.83, 3.13, 3.33),
(87.2, 3.12, 3.17, 3.32),
(87.1, 2.81, 3.11, 3.31),
(87, 2.8, 3.1, 3.3),
(86.9, 2.79, 3.09, 3.29),
(86.8, 2.78, 3.08, 3.28),
(86.7, 2.77, 3.07, 3.27),
(86.6, 2.76, 3.06, 3.26),
(86.5, 2.75, 3.05, 3.25),
(86.4, 2.74, 3.04, 3.24),
(86.3, 2.73, 3.03, 3.23),
(86.2, 2.72, 3.02, 3.22),
(86.1, 2.71, 3.01, 3.21),
(86, 2.7, 3, 3.2),
(85.9, 2.69, 2.99, 3.19),
(85.8, 2.68, 2.98, 3.18),
(85.7, 2.67, 2.97, 3.17),
(85.6, 2.66, 2.96, 3.16),
(85.5, 2.65, 2.95, 3.15),
(85.4, 2.64, 2.94, 3.14),
(85.3, 2.63, 2.93, 3.13),
(85.2, 2.62, 2.92, 3.12),
(85.1, 2.61, 2.91, 3.11),
(85, 2.6, 2.9, 3.1),
(84.9, 2.59, 2.89, 3.09),
(84.8, 2.58, 2.88, 3.08),
(84.7, 2.57, 2.87, 3.07),
(84.6, 2.56, 2.86, 3.06),
(84.5, 2.55, 2.85, 3.05),
(84.4, 2.54, 2.84, 3.04),
(84.3, 2.53, 2.83, 3.03),
(84.2, 2.52, 2.82, 3.02),
(84.1, 2.51, 2.81, 3.01),
(84, 2.5, 2.8, 3),
(83.9, 2.49, 2.79, 2.99),
(83.8, 2.48, 2.78, 2.98),
(83.7, 2.47, 2.77, 2.97),
(83.6, 2.46, 2.76, 2.96),
(83.5, 2.45, 2.75, 2.95),
(83.4, 2.44, 2.74, 2.94),
(83.3, 2.43, 2.73, 2.93),
(83.2, 2.42, 2.72, 2.92),
(83.1, 2.41, 2.71, 2.91),
(83, 2.4, 2.7, 2.9),
(82.9, 2.39, 2.69, 2.89),
(82.8, 2.38, 2.68, 2.88),
(82.7, 2.37, 2.67, 2.87),
(82.6, 2.36, 2.66, 2.86),
(82.5, 2.35, 2.65, 2.85),
(82.4, 2.34, 2.64, 2.84),
(82.3, 2.33, 2.63, 2.83),
(82.2, 2.32, 2.62, 2.82),
(82.1, 2.31, 2.61, 2.81),
(82, 2.3, 2.6, 2.8),
(81.9, 2.29, 2.59, 2.79),
(81.8, 2.28, 2.58, 2.78),
(81.7, 2.27, 2.57, 2.77),
(81.6, 2.26, 2.56, 2.76),
(81.5, 2.25, 2.55, 2.75),
(81.4, 2.24, 2.54, 2.74),
(81.3, 2.23, 2.53, 2.73),
(81.2, 2.22, 2.52, 2.72),
(81.1, 2.21, 2.51, 2.71),
(81, 2.2, 2.5, 2.7),
(80.9, 2.19, 2.49, 2.69),
(80.8, 2.18, 2.48, 2.68),
(80.7, 2.17, 2.47, 2.67),
(80.6, 2.16, 2.46, 2.66),
(80.5, 2.15, 2.45, 2.65),
(80.4, 2.14, 2.44, 2.64),
(80.3, 2.13, 2.43, 2.63),
(80.2, 2.12, 2.42, 2.62),
(80.1, 2.11, 2.41, 2.61),
(80, 2.1, 2.4, 2.6),
(79.9, 2.09, 2.09, 2.59),
(79.8, 2.08, 2.38, 2.58),
(79.7, 2.07, 2.37, 2.57),
(79.6, 2.06, 2.36, 2.56),
(79.5, 2.05, 2.35, 2.55),
(79.4, 2.04, 2.34, 2.54),
(79.3, 2.03, 2.33, 2.53),
(79.2, 2.02, 2.32, 2.52),
(79.1, 2.01, 2.31, 2.51),
(79, 2, 2.3, 2.5),
(78.9, 1.99, 2.29, 2.49),
(78.8, 1.98, 2.28, 2.48),
(78.7, 1.97, 2.27, 2.47),
(78.6, 1.96, 2.26, 2.46),
(78.5, 1.95, 2.25, 2.45),
(78.4, 1.94, 2.24, 2.44),
(78.3, 1.93, 2.23, 2.43),
(78.2, 1.92, 2.22, 2.42),
(78.1, 1.91, 2.21, 2.41),
(78, 1.9, 2.2, 2.4),
(77.9, 1.89, 2.19, 2.39),
(77.8, 1.88, 2.18, 2.38),
(77.7, 1.87, 2.17, 2.37),
(77.6, 1.86, 2.16, 2.36),
(77.5, 1.85, 2.15, 2.35),
(77.4, 2.14, 2.19, 2.34),
(77.3, 1.83, 2.13, 2.33),
(77.2, 1.82, 2.12, 2.32),
(77.1, 1.81, 2.11, 2.31),
(77, 1.8, 2.1, 2.3),
(76.9, 1.79, 2.09, 2.29),
(76.8, 1.78, 2.08, 2.28),
(76.7, 1.77, 2.07, 2.27),
(76.6, 1.76, 2.06, 2.26),
(76.5, 1.75, 2.05, 2.25),
(76.4, 1.74, 2.04, 2.24),
(76.3, 1.73, 2.03, 2.23),
(76.2, 1.72, 2.02, 2.22),
(76.1, 1.71, 2.01, 2.21),
(76, 1.7, 2, 2.2),
(75.9, 1.69, 1.99, 2.19),
(75.8, 1.68, 1.98, 2.18),
(75.7, 1.67, 1.97, 2.17),
(75.6, 1.66, 1.96, 2.16),
(75.5, 1.65, 1.95, 2.15),
(75.4, 1.64, 1.94, 2.14),
(75.3, 1.63, 1.93, 2.13),
(75.2, 1.62, 1.92, 2.12),
(75.1, 1.61, 1.91, 2.11),
(75, 1.6, 1.9, 2.1),
(74.9, 1.59, 1.89, 2.09),
(74.8, 1.58, 1.88, 2.08),
(74.7, 1.57, 1.87, 2.07),
(74.6, 1.56, 1.86, 2.06),
(74.5, 1.55, 1.85, 2.05),
(74.4, 1.54, 1.84, 2.04),
(74.3, 1.53, 1.83, 2.03),
(74.2, 1.52, 1.82, 2.02),
(74.1, 1.51, 1.81, 2.01),
(74, 1.5, 1.8, 2),
(73.9, 1.49, 1.79, 1.99),
(73.8, 1.48, 1.78, 1.98),
(73.7, 1.47, 1.77, 1.97),
(73.6, 1.46, 1.76, 1.96),
(73.5, 1.45, 1.75, 1.95),
(73.4, 1.49, 1.74, 1.94),
(73.3, 1.43, 1.73, 1.93),
(73.2, 1.42, 1.72, 1.92),
(73.1, 1.41, 1.71, 1.91),
(73, 1.4, 1.7, 1.9),
(72.9, 1.39, 1.69, 1.89),
(72.8, 1.38, 1.68, 1.88),
(72.7, 1.37, 1.67, 1.87),
(72.6, 1.36, 1.66, 1.86),
(72.5, 1.35, 1.65, 1.85),
(72.4, 1.34, 1.64, 1.84),
(72.3, 1.33, 1.63, 1.83),
(72.2, 1.32, 1.62, 1.82),
(72.1, 1.31, 1.61, 1.81),
(72, 1.3, 1.6, 1.8),
(71.9, 1.29, 1.59, 1.79),
(71.8, 1.28, 1.58, 1.78),
(71.7, 1.27, 1.57, 1.77),
(71.6, 1.26, 1.56, 1.76),
(71.5, 1.25, 1.55, 1.75),
(71.4, 1.24, 1.54, 1.74),
(71.3, 1.23, 1.53, 1.73),
(71.2, 1.22, 1.52, 1.72),
(71.1, 1.21, 1.51, 1.71),
(71, 1.2, 1.5, 1.7),
(70.9, 1.19, 1.49, 1.69),
(70.8, 1.18, 1.48, 1.68),
(70.7, 1.17, 1.47, 1.67),
(70.6, 1.16, 1.46, 1.66),
(70.5, 1.15, 1.45, 1.65),
(70.4, 1.14, 1.44, 1.64),
(70.3, 1.13, 1.43, 1.63),
(70.2, 1.12, 1.42, 1.62),
(70.1, 1.11, 1.41, 1.61),
(70, 1.1, 1.4, 1.6),
(69.9, 1.09, 1.39, 1.59),
(69.8, 1.08, 1.38, 1.58),
(69.7, 1.07, 1.37, 1.57),
(69.6, 1.06, 1.36, 1.56),
(69.5, 1.05, 1.35, 1.55),
(69.4, 1.04, 1.34, 1.54),
(69.3, 1.03, 1.33, 1.53),
(69.2, 1.02, 1.32, 1.52),
(69.1, 1.01, 1.31, 1.51),
(69, 1, 1.3, 1.5);

-- --------------------------------------------------------

--
-- 테이블 구조 `jnuengconverttable`
--

CREATE TABLE `jnuengconverttable` (
  `toeic` int(11) DEFAULT NULL,
  `toefl` int(11) DEFAULT NULL,
  `teps` int(11) DEFAULT NULL,
  `score` double DEFAULT NULL
) ENGINE=InnoDB DEFAULT CHARSET=utf8;

--
-- 테이블의 덤프 데이터 `jnuengconverttable`
--

INSERT INTO `jnuengconverttable` (`toeic`, `toefl`, `teps`, `score`) VALUES
(978, 118, 973, 100),
(964, 116, 955, 98),
(951, 114, 937, 96),
(937, 111, 920, 94),
(924, 109, 902, 92),
(910, 108, 884, 90),
(897, 105, 866, 88),
(883, 103, 848, 86),
(870, 102, 830, 84),
(856, 98, 812, 82),
(843, 96, 795, 80),
(829, 93, 777, 78),
(816, 92, 759, 76),
(802, 90, 741, 74),
(789, 88, 723, 72),
(775, 86, 705, 70),
(762, 84, 688, 68),
(748, 81, 670, 66),
(735, 80, 652, 64),
(721, 77, 634, 62),
(710, 75, 616, 60),
(NULL, NULL, NULL, NULL),
(NULL, NULL, NULL, NULL),
(NULL, NULL, NULL, NULL),
(NULL, NULL, NULL, NULL),
(NULL, NULL, NULL, NULL),
(NULL, NULL, NULL, NULL),
(NULL, NULL, NULL, NULL),
(NULL, NULL, NULL, NULL),
(NULL, NULL, NULL, NULL),
(NULL, NULL, NULL, NULL),
(NULL, NULL, NULL, NULL),
(NULL, NULL, NULL, NULL),
(NULL, NULL, NULL, NULL),
(NULL, NULL, NULL, NULL),
(NULL, NULL, NULL, NULL),
(NULL, NULL, NULL, NULL),
(NULL, NULL, NULL, NULL),
(NULL, NULL, NULL, NULL),
(NULL, NULL, NULL, NULL),
(NULL, NULL, NULL, NULL),
(NULL, NULL, NULL, NULL),
(NULL, NULL, NULL, NULL),
(NULL, NULL, NULL, NULL),
(NULL, NULL, NULL, NULL),
(NULL, NULL, NULL, NULL),
(NULL, NULL, NULL, NULL),
(NULL, NULL, NULL, NULL),
(NULL, NULL, NULL, NULL),
(NULL, NULL, NULL, NULL);

-- --------------------------------------------------------

--
-- 테이블 구조 `kkuengconverttable`
--

CREATE TABLE `kkuengconverttable` (
  `toeic` int(11) NOT NULL DEFAULT '0',
  `score` int(11) DEFAULT NULL
) ENGINE=InnoDB DEFAULT CHARSET=utf8;

--
-- 테이블의 덤프 데이터 `kkuengconverttable`
--

INSERT INTO `kkuengconverttable` (`toeic`, `score`) VALUES
(700, 90),
(705, 92),
(710, 94),
(715, 96),
(720, 98),
(725, 100),
(730, 102),
(735, 104),
(740, 106),
(745, 108),
(750, 110),
(755, 112),
(760, 114),
(765, 116),
(770, 118),
(775, 120),
(780, 122),
(785, 124),
(790, 126),
(795, 128),
(800, 130),
(805, 132),
(810, 134),
(815, 136),
(820, 138),
(825, 140),
(830, 142),
(835, 144),
(840, 146),
(845, 148),
(850, 150),
(855, 152),
(860, 154),
(865, 156),
(870, 158),
(875, 160),
(880, 162),
(885, 164),
(890, 166),
(895, 168),
(900, 170),
(905, 173),
(910, 176),
(915, 179),
(920, 182),
(925, 185),
(930, 188),
(935, 191),
(940, 194),
(945, 197),
(950, 200),
(955, 200),
(960, 200),
(965, 200),
(970, 200),
(975, 200),
(980, 200),
(985, 200),
(990, 200);

-- --------------------------------------------------------

--
-- 테이블 구조 `knuengconverttable`
--

CREATE TABLE `knuengconverttable` (
  `toeic` int(11) DEFAULT NULL,
  `toefl` int(11) DEFAULT NULL,
  `teps` int(11) DEFAULT NULL
) ENGINE=InnoDB DEFAULT CHARSET=utf8;

--
-- 테이블의 덤프 데이터 `knuengconverttable`
--

INSERT INTO `knuengconverttable` (`toeic`, `toefl`, `teps`) VALUES
(990, 113, 975),
(985, 112, 967),
(980, 111, 958),
(975, 110, 950),
(970, 110, 942),
(965, 109, 933),
(960, 109, 925),
(955, 108, 917),
(950, 108, 908),
(945, 107, 900),
(940, 106, 894),
(935, 106, 888),
(930, 105, 881),
(925, 104, 875),
(920, 104, 869),
(915, 103, 863),
(910, 102, 856),
(905, 101, 850),
(900, 101, 843),
(895, 100, 836),
(890, 99, 829),
(885, 99, 821),
(880, 98, 814),
(875, 98, 807),
(870, 97, 800),
(865, 96, 794),
(860, 96, 788),
(855, 95, 781),
(850, 95, 775),
(845, 94, 769),
(840, 93, 763),
(835, 92, 756),
(830, 91, 750),
(825, 91, 744),
(820, 90, 739),
(815, 89, 733),
(810, 89, 728),
(805, 88, 722),
(800, 87, 717),
(795, 86, 711),
(790, 85, 706),
(785, 84, 700),
(780, 83, 694),
(775, 82, 688),
(770, 82, 681),
(765, 81, 675),
(760, 80, 669),
(755, 79, 663),
(750, 79, 656);

-- --------------------------------------------------------

--
-- 테이블 구조 `kruengconverttable`
--

CREATE TABLE `kruengconverttable` (
  `toefl` int(11) DEFAULT NULL,
  `teps` int(11) DEFAULT NULL,
  `score` double DEFAULT NULL
) ENGINE=InnoDB DEFAULT CHARSET=utf8;

--
-- 테이블의 덤프 데이터 `kruengconverttable`
--

INSERT INTO `kruengconverttable` (`toefl`, `teps`, `score`) VALUES
(115, 900, 98),
(113, 870, 97.5),
(111, 852, 97),
(108, 806, 96.5),
(105, 768, 96),
(101, 730, 95.5),
(99, 700, 95),
(96, 673, 94.5),
(93, 650, 94),
(90, 627, 93);

-- --------------------------------------------------------

--
-- 테이블 구조 `krugpaconverttable`
--

CREATE TABLE `krugpaconverttable` (
  `100` double DEFAULT NULL,
  `score` double DEFAULT NULL,
  `index` int(11) NOT NULL
) ENGINE=InnoDB DEFAULT CHARSET=utf8;

--
-- 테이블의 덤프 데이터 `krugpaconverttable`
--

INSERT INTO `krugpaconverttable` (`100`, `score`, `index`) VALUES
(100, 200, 1),
(99.9, 199.9, 2),
(99.8, 199.8, 3),
(99.7, 199.7, 4),
(99.6, 199.6, 5),
(99.5, 199.5, 6),
(99.4, 199.4, 7),
(99.3, 199.3, 8),
(99.2, 199.2, 9),
(99.1, 199.1, 10),
(99, 199, 11),
(98.9, 198.9, 12),
(98.8, 198.8, 13),
(98.7, 198.7, 14),
(98.6, 198.6, 15),
(98.5, 198.5, 16),
(98.4, 198.4, 17),
(98.3, 198.3, 18),
(98.2, 198.2, 19),
(98.1, 198.1, 20),
(98, 198, 21),
(97.9, 197.9, 22),
(97.8, 197.8, 23),
(97.7, 197.7, 24),
(97.6, 197.6, 25),
(97.5, 197.5, 26),
(97.4, 197.4, 27),
(97.3, 197.3, 28),
(97.2, 197.2, 29),
(97.1, 197.1, 30),
(97, 197, 31),
(96.9, 196.9, 32),
(96.8, 196.8, 33),
(96.7, 196.7, 34),
(96.6, 196.6, 35),
(96.5, 196.5, 36),
(96.4, 196.4, 37),
(96.3, 196.3, 38),
(96.2, 196.2, 39),
(96.1, 196.1, 40),
(96, 196, 41),
(95.9, 195.9, 42),
(95.8, 195.8, 43),
(95.7, 195.7, 44),
(95.6, 195.6, 45),
(95.5, 195.5, 46),
(95.4, 195.4, 47),
(95.3, 195.3, 48),
(95.2, 195.2, 49),
(95.1, 195.1, 50),
(95, 195, 51),
(94.9, 194.9, 52),
(94.8, 194.8, 53),
(94.7, 194.7, 54),
(94.6, 194.6, 55),
(94.5, 194.5, 56),
(94.4, 194.4, 57),
(94.3, 194.3, 58),
(94.2, 194.2, 59),
(94.1, 194.1, 60),
(94, 194, 61),
(93.9, 193.9, 62),
(93.8, 193.8, 63),
(93.7, 193.7, 64),
(93.6, 193.6, 65),
(93.5, 193.5, 66),
(93.4, 193.4, 67),
(93.3, 193.3, 68),
(93.2, 193.2, 69),
(93.1, 193.1, 70),
(93, 193, 71),
(92.9, 192.9, 72),
(92.8, 192.8, 73),
(92.7, 192.7, 74),
(92.6, 192.6, 75),
(92.5, 192.5, 76),
(92.4, 192.4, 77),
(92.3, 192.3, 78),
(92.2, 192.2, 79),
(92.1, 192.1, 80),
(92, 192, 81),
(91.9, 191.9, 82),
(91.8, 191.8, 83),
(91.7, 191.7, 84),
(91.6, 191.6, 85),
(91.5, 191.5, 86),
(91.4, 191.4, 87),
(91.3, 191.3, 88),
(91.2, 191.2, 89),
(91.1, 191.1, 90),
(91, 191, 91),
(90.9, 190.9, 92),
(90.8, 190.8, 93),
(90.7, 190.7, 94),
(90.6, 190.6, 95),
(90.5, 190.5, 96),
(90.4, 190.4, 97),
(90.3, 190.3, 98),
(90.2, 190.2, 99),
(90.1, 190.1, 100),
(90, 190, 101),
(89.9, 189.9, 102),
(89.8, 189.8, 103),
(89.7, 189.7, 104),
(89.6, 189.6, 105),
(89.5, 189.5, 106),
(89.4, 189.4, 107),
(89.3, 189.3, 108),
(89.2, 189.2, 109),
(89.1, 189.1, 110),
(89, 189, 111),
(88.9, 188.9, 112),
(88.8, 188.8, 113),
(88.7, 188.7, 114),
(88.6, 188.6, 115),
(88.5, 188.5, 116),
(88.4, 188.4, 117),
(88.3, 188.3, 118),
(88.2, 188.2, 119),
(88.1, 188.1, 120),
(88, 188, 121),
(87.9, 187.7, 122),
(87.8, 187.4, 123),
(87.7, 187.1, 124),
(87.6, 186.8, 125),
(87.5, 186.5, 126),
(87.4, 186.2, 127),
(87.3, 185.9, 128),
(87.2, 185.6, 129),
(87.1, 185.3, 130),
(87, 185, 131),
(86.9, 184.7, 132),
(86.8, 184.4, 133),
(86.7, 184.1, 134),
(86.6, 183.8, 135),
(86.5, 183.5, 136),
(86.4, 183.2, 137),
(86.3, 182.9, 138),
(86.2, 182.6, 139),
(86.1, 182.3, 140),
(86, 182, 141),
(85.9, 181.7, 142),
(85.8, 181.4, 143),
(85.7, 181.1, 144),
(85.6, 180.8, 145),
(85.5, 180.5, 146),
(85.4, 180.2, 147),
(85.3, 179.9, 148),
(85.2, 179.6, 149),
(85.1, 179.3, 150),
(85, 179, 151),
(84.9, 178.7, 152),
(84.8, 178.4, 153),
(84.7, 178.1, 154),
(84.6, 177.8, 155),
(84.5, 177.5, 156),
(84.4, 177.2, 157),
(84.3, 176.9, 158),
(84.2, 176.6, 159),
(84.1, 176.3, 160),
(84, 176, 161),
(83.9, 175.7, 162),
(83.8, 175.4, 163),
(83.7, 175.1, 164),
(83.6, 174.8, 165),
(83.5, 174.5, 166),
(83.4, 174.2, 167),
(83.3, 173.9, 168),
(83.2, 173.6, 169),
(83.1, 173.3, 170),
(83, 173, 171),
(82.9, 172.6, 172),
(82.8, 172.2, 173),
(82.7, 171.8, 174),
(82.6, 171.4, 175),
(82.5, 171, 176),
(82.4, 170.6, 177),
(82.3, 170.2, 178),
(82.2, 169.8, 179),
(82.1, 169.4, 180),
(82, 169, 181),
(81.9, 168.6, 182),
(81.8, 168.2, 183),
(81.7, 167.8, 184),
(81.6, 167.4, 185),
(81.5, 167, 186),
(81.4, 166.6, 187),
(81.3, 166.2, 188),
(81.2, 165.8, 189),
(81.1, 165.4, 190),
(81, 165, 191),
(80.9, 164.6, 192),
(80.8, 164.2, 193),
(80.7, 163.8, 194),
(80.6, 163.4, 195),
(80.5, 163, 196),
(80.4, 162.6, 197),
(80.3, 162.2, 198),
(80.2, 161.8, 199),
(80.1, 161.4, 200),
(80, 161, 201),
(79.9, 160.6, 202),
(79.8, 160.2, 203),
(79.7, 159.8, 204),
(79.6, 159.4, 205),
(79.5, 159, 206),
(79.4, 158.6, 207),
(79.3, 158.2, 208),
(79.2, 157.8, 209),
(79.1, 157.4, 210),
(79, 157, 211),
(78.9, 156.6, 212),
(78.8, 156.2, 213),
(78.7, 155.8, 214),
(78.6, 155.4, 215),
(78.5, 155, 216),
(78.4, 154.6, 217),
(78.3, 154.2, 218),
(78.2, 153.8, 219),
(78.1, 153.4, 220),
(78, 153, 221),
(77.9, 152.5, 222),
(77.8, 152, 223),
(77.7, 151.5, 224),
(77.6, 151, 225),
(77.5, 150.5, 226),
(77.4, 150, 227),
(77.3, 149.5, 228),
(77.2, 149, 229),
(77.1, 148.5, 230),
(77, 148, 231),
(76.9, 147.5, 232),
(76.8, 147, 233),
(76.7, 146.5, 234),
(76.6, 146, 235),
(76.5, 145.5, 236),
(76.4, 145, 237),
(76.3, 144.5, 238),
(76.2, 144, 239),
(76.1, 143.5, 240),
(76, 143, 241);

-- --------------------------------------------------------

--
-- 테이블 구조 `kruleetconverttable`
--

CREATE TABLE `kruleetconverttable` (
  `100` int(11) NOT NULL DEFAULT '0',
  `leeta` double NOT NULL DEFAULT '0',
  `leetb` double DEFAULT NULL
) ENGINE=InnoDB DEFAULT CHARSET=utf8;

--
-- 테이블의 덤프 데이터 `kruleetconverttable`
--

INSERT INTO `kruleetconverttable` (`100`, `leeta`, `leetb`) VALUES
(21, 35, 69),
(22, 35.69, 70.2),
(23, 36.69, 71.2),
(24, 37.69, 72.2),
(25, 38.69, 73.2),
(26, 39.69, 74.2),
(27, 40.69, 75.2),
(28, 41.69, 76.2),
(29, 42.69, 77.2),
(30, 43.69, 78.2),
(31, 44.69, 79.2),
(32, 45.69, 80.2),
(33, 46.69, 81.2),
(34, 47.69, 82.2),
(35, 48.69, 83.2),
(36, 49.69, 84.2),
(37, 50.69, 85.2),
(38, 51.69, 86.2),
(39, 52.69, 87.2),
(40, 53.69, 88.2),
(41, 54.69, 89.2),
(42, 55.69, 90.2),
(43, 56.69, 91.2),
(44, 57.69, 92.2),
(45, 58.69, 93.2),
(46, 59.69, 94.2),
(47, 60.69, 95.2),
(48, 61.69, 96.2),
(49, 62.69, 97.2),
(50, 63.69, 98.2),
(51, 64.69, 99.2),
(52, 65.69, 100.2),
(53, 66.69, 101.2),
(54, 67.69, 102.2),
(55, 68.69, 103.2),
(56, 68.96, 103.6),
(57, 69.23, 104),
(58, 69.5, 104.4),
(59, 69.77, 104.8),
(60, 70.04, 105.2),
(61, 70.31, 105.6),
(62, 70.58, 106),
(63, 70.85, 106.4),
(64, 71.12, 106.8),
(65, 71.39, 107.2),
(66, 71.66, 107.6),
(67, 71.93, 108),
(68, 72.2, 108.4),
(69, 72.47, 108.8),
(70, 72.74, 109.2),
(71, 73.01, 109.6),
(72, 73.28, 110),
(73, 73.55, 110.4),
(74, 73.82, 110.8),
(75, 74.09, 111.2),
(76, 74.36, 111.6),
(77, 74.63, 112),
(78, 74.9, 112.4),
(79, 75.17, 112.8),
(80, 75.44, 113.2),
(81, 75.71, 113.6),
(82, 75.98, 114),
(83, 76.25, 114.4),
(84, 76.52, 114.8),
(85, 76.79, 115.2),
(86, 77.06, 115.6),
(87, 77.33, 116),
(88, 77.6, 116.4),
(89, 77.8, 116.7),
(90, 78, 117),
(91, 78.2, 117.3),
(92, 78.4, 117.6),
(93, 78.6, 117.9),
(94, 78.8, 118.2),
(95, 79, 118.5),
(96, 79.2, 118.8),
(97, 79.4, 119.1),
(98, 79.6, 119.4),
(99, 79.8, 119.7),
(100, 80, 120);

-- --------------------------------------------------------

--
-- 테이블 구조 `leetconverttable2017`
--

CREATE TABLE `leetconverttable2017` (
  `index` int(11) NOT NULL,
  `leetPure` double DEFAULT NULL,
  `leetAscore` double DEFAULT NULL,
  `leetAPscore` double DEFAULT NULL,
  `leetBscore` double DEFAULT NULL,
  `leetBPscore` double DEFAULT NULL
) ENGINE=InnoDB DEFAULT CHARSET=utf8;

--
-- 테이블의 덤프 데이터 `leetconverttable2017`
--

INSERT INTO `leetconverttable2017` (`index`, `leetPure`, `leetAscore`, `leetAPscore`, `leetBscore`, `leetBPscore`) VALUES
(1, 35, 74.9, 100, 76.3, 100),
(2, 34, 73, 99.8, 74.3, 99.9),
(3, 33, 71.1, 99.4, 72.4, 99.7),
(4, 32, 69.3, 98.5, 70.5, 99.1),
(5, 31, 67.4, 97.1, 68.6, 98),
(6, 30, 65.5, 95, 66.6, 96.2),
(7, 29, 63.6, 91.9, 64.7, 93.7),
(8, 28, 61.7, 87.7, 62.8, 90.2),
(9, 27, 59.8, 83, 60.9, 86),
(10, 26, 57.9, 77.4, 58.9, 80.7),
(11, 25, 56.1, 70.9, 57, 74.7),
(12, 24, 54.2, 63.8, 55.1, 67.3),
(13, 23, 52.3, 56.7, 53.2, 60),
(14, 22, 50.4, 49.6, 51.2, 52.8),
(15, 21, 48.5, 42.4, 49.3, 45.7),
(16, 20, 46.6, 35.5, 47.4, 38.5);

-- --------------------------------------------------------

--
-- 테이블 구조 `leetconverttable2018`
--

CREATE TABLE `leetconverttable2018` (
  `index` int(11) NOT NULL,
  `leetPure` double DEFAULT NULL,
  `leetAscore` double DEFAULT NULL,
  `leetAPscore` double DEFAULT NULL,
  `leetBscore` double DEFAULT NULL,
  `leetBPscore` double DEFAULT NULL
) ENGINE=InnoDB DEFAULT CHARSET=utf8;

--
-- 테이블의 덤프 데이터 `leetconverttable2018`
--

INSERT INTO `leetconverttable2018` (`index`, `leetPure`, `leetAscore`, `leetAPscore`, `leetBscore`, `leetBPscore`) VALUES
(1, 15, 37.8, 9.8, 39.4, 15.2),
(3, 17, 41.8, 20, 43.2, 24.6),
(4, 18, 43.8, 25.8, 45.1, 30),
(5, 19, 45.8, 32.2, 47, 37.1),
(6, 20, 47.9, 39.3, 48.9, 44.1),
(7, 21, 49.9, 47, 50.8, 51.3),
(8, 22, 51.9, 55, 52.7, 58.6),
(9, 23, 53.9, 63.2, 54.6, 65.8),
(10, 24, 56, 71.1, 56.5, 72.7),
(11, 25, 58, 78, 58.4, 78.9),
(12, 26, 60, 83.9, 60.3, 84.1),
(13, 27, 62.1, 89, 62.2, 88.8),
(14, 28, 64.1, 93, 64.1, 92.6),
(15, 29, 66.1, 95.9, 66, 95.2),
(16, 30, 68.1, 97.8, 67.9, 97.2),
(17, 31, 70.1, 98.7, 69.8, 98.5),
(18, 32, 72.2, 99.6, 71.7, 99.4),
(19, 33, 74.2, 99.7, 73.7, 99.6),
(20, 34, 76.2, 99.8, 75.8, 99.8),
(22, 16, 39.8, 14.8, 41.3, 19.5),
(41, 35, 78.2, 99.9, 78, 99.9);

-- --------------------------------------------------------

--
-- 테이블 구조 `log`
--

CREATE TABLE `log` (
  `idx` int(11) NOT NULL,
  `time` timestamp NOT NULL DEFAULT CURRENT_TIMESTAMP ON UPDATE CURRENT_TIMESTAMP,
  `leeta` double DEFAULT NULL,
  `leetap` double DEFAULT NULL,
  `leetb` double DEFAULT NULL,
  `leetbp` double DEFAULT NULL,
  `gpa` double DEFAULT NULL,
  `gpatype` varchar(50) DEFAULT NULL,
  `eng` double DEFAULT NULL,
  `engtype` varchar(50) DEFAULT NULL
) ENGINE=InnoDB DEFAULT CHARSET=utf8;

--
-- 테이블의 덤프 데이터 `log`
--

INSERT INTO `log` (`idx`, `time`, `leeta`, `leetap`, `leetb`, `leetbp`, `gpa`, `gpatype`, `eng`, `engtype`) VALUES
(1, '2018-07-11 06:33:31', 60, 60, 60, 60, 4, '4.5', 950, 'toeic'),
(2, '2018-07-11 06:34:37', 60, 60, 60, 60, 4, '4.5', 950, 'toeic'),
(3, '2018-07-11 06:34:43', 60, 60, 60, 60, 4, '4.5', 950, 'toeic'),
(4, '2018-07-11 09:25:12', 60, 60, 60, 60, 4, '4.5', 950, 'toeic'),
(5, '2018-07-11 09:27:57', 60, 60, 60, 60, 4, '4.5', 950, 'toeic'),
(6, '2018-07-11 09:59:30', 60, 60, 60, 60, 4, '4.5', 950, 'toeic'),
(7, '2018-07-11 09:59:40', 60, 60, 60, 60, 4, '4.5', 950, 'toeic'),
(8, '2018-07-11 09:59:52', 60, 60, 60, 60, 4, '4.5', 950, 'toeic'),
(9, '2018-07-12 04:18:16', 50, 55, 55, 55, 4, '4.5', 950, 'toeic'),
(10, '2018-07-12 07:11:43', 50, 55, 55, 55, 4, '4.5', 950, 'toeic');

-- --------------------------------------------------------

--
-- 테이블 구조 `recommendtable`
--

CREATE TABLE `recommendtable` (
  `schoolname` varchar(20) DEFAULT NULL,
  `recommendscore` double DEFAULT NULL,
  `schoolnumber` int(11) NOT NULL DEFAULT '0'
) ENGINE=InnoDB DEFAULT CHARSET=utf8;

--
-- 테이블의 덤프 데이터 `recommendtable`
--

INSERT INTO `recommendtable` (`schoolname`, `recommendscore`, `schoolnumber`) VALUES
('강원대학교', 9969.31, 1),
('건국대학교', 10896.17, 2),
('경북대학교', 10220.82, 3),
('경희대학교', 10696.58, 4),
('고려대학교', 11985.25, 5),
('동아대학교', 9434.52, 6),
('부산대학교', 10893.64, 7),
('서강대학교', 10933.23, 8),
('서울대학교', 12890.8, 9),
('시립대학교', 11057.66, 10),
('성균관대학교', 11794.88, 11),
('아주대학교', 9843.94, 12),
('연세대학교', 12247.2, 13),
('영남대학교', 9340.21, 14),
('원광대학교', 9462.14, 15),
('이화여대학교', 11184, 16),
('인하대학교', 10578.73, 17),
('전남대학교', 10147.92, 18),
('전북대학교', 9801.2, 19),
('제주대학교', 9962.02, 20),
('중앙대학교', 10767.35, 21),
('충남대학교', 10510.55, 22),
('충북대학교', 10010.22, 23),
('한국외대학교', 11063, 24),
('한양대학교', 11611.9, 25);

-- --------------------------------------------------------

--
-- 테이블 구조 `sguengconverttable`
--

CREATE TABLE `sguengconverttable` (
  `score` int(11) NOT NULL DEFAULT '0',
  `toeic` int(11) DEFAULT NULL,
  `toefl` int(11) DEFAULT NULL,
  `teps` int(11) DEFAULT NULL
) ENGINE=InnoDB DEFAULT CHARSET=utf8;

--
-- 테이블의 덤프 데이터 `sguengconverttable`
--

INSERT INTO `sguengconverttable` (`score`, `toeic`, `toefl`, `teps`) VALUES
(15, 700, 79, 555),
(16, 740, 83, 585),
(17, 780, 88, 619),
(18, 820, 94, 658),
(19, 860, 99, 708),
(20, 900, 105, 766);

-- --------------------------------------------------------

--
-- 테이블 구조 `skkuengconverttable`
--

CREATE TABLE `skkuengconverttable` (
  `toeic` int(11) NOT NULL DEFAULT '0',
  `score` double DEFAULT NULL
) ENGINE=InnoDB DEFAULT CHARSET=utf8;

--
-- 테이블의 덤프 데이터 `skkuengconverttable`
--

INSERT INTO `skkuengconverttable` (`toeic`, `score`) VALUES
(800, 4),
(810, 4.1),
(830, 4.2),
(850, 4.3),
(870, 4.4),
(890, 4.5),
(910, 4.6),
(930, 4.7),
(950, 4.8),
(970, 4.9),
(990, 5);

-- --------------------------------------------------------

--
-- 테이블 구조 `ysuengconverttable`
--

CREATE TABLE `ysuengconverttable` (
  `toeic` int(11) DEFAULT NULL,
  `toefl` int(11) DEFAULT NULL,
  `teps` int(11) DEFAULT NULL,
  `score` double DEFAULT NULL
) ENGINE=InnoDB DEFAULT CHARSET=utf8;

--
-- 테이블의 덤프 데이터 `ysuengconverttable`
--

INSERT INTO `ysuengconverttable` (`toeic`, `toefl`, `teps`, `score`) VALUES
(990, 118, 927, 15),
(985, 117, 919, 14.95),
(980, 116, 911, 14.9),
(975, 116, 902, 14.85),
(970, 115, 893, 14.8),
(965, 114, 884, 14.75),
(960, 113, 873, 14.7),
(955, 112, 863, 14.65),
(950, 112, 852, 14.6),
(945, 111, 842, 14.55),
(940, 110, 833, 14.5),
(935, 109, 824, 14.45),
(930, 109, 815, 14.4),
(925, 108, 806, 14.35),
(920, 107, 798, 14.3),
(915, 107, 791, 14.25),
(910, 106, 782, 14.2),
(905, 105, 774, 14.15),
(900, 105, 766, 14.1),
(895, 104, 758, 14.05),
(890, 103, 751, 14),
(885, 103, 744, 13.95),
(880, 102, 737, 13.9),
(875, 101, 730, 13.85),
(870, 101, 723, 13.8),
(865, 100, 716, 13.75),
(860, 99, 708, 13.7),
(855, 99, 701, 13.65),
(850, 98, 695, 13.6),
(845, 97, 688, 13.55),
(840, 96, 681, 13.5),
(835, 96, 675, 13.45),
(830, 95, 669, 13.4),
(825, 94, 663, 13.35),
(820, 94, 658, 13.3),
(815, 93, 652, 13),
(810, 92, 647, 12.7),
(805, 92, 642, 12.4),
(800, 91, 637, 12.1),
(795, 90, 632, 11.8),
(790, 90, 628, 11.5),
(785, 89, 623, 11.2);

-- --------------------------------------------------------

--
-- 테이블 구조 `ysugpaconverttable`
--

CREATE TABLE `ysugpaconverttable` (
  `100` double DEFAULT NULL,
  `score` double DEFAULT NULL
) ENGINE=InnoDB DEFAULT CHARSET=utf8;

--
-- 테이블의 덤프 데이터 `ysugpaconverttable`
--

INSERT INTO `ysugpaconverttable` (`100`, `score`) VALUES
(100, 150),
(99, 149),
(98, 148),
(97, 147),
(96, 146),
(95, 145),
(94, 144),
(93, 143),
(92, 142),
(91, 141),
(90, 140),
(89, 139),
(88, 138),
(87, 137),
(86, 136),
(85, 135),
(84, 134),
(83, 133),
(82, 132),
(81, 131),
(80, 130),
(79, 129),
(78, 128),
(77, 127),
(76, 126),
(75, 125),
(74, 124),
(73, 123),
(72, 122),
(71, 121),
(70, 120),
(69, 119),
(68, 118),
(67, 117),
(66, 116),
(65, 115),
(64, 114),
(63, 113),
(62, 112),
(61, 111),
(60, 110),
(59, 109),
(58, 108),
(57, 107),
(56, 106),
(55, 105),
(54, 104),
(53, 103),
(52, 102),
(NULL, NULL),
(NULL, NULL),
(NULL, NULL),
(NULL, NULL),
(NULL, NULL),
(NULL, NULL),
(NULL, NULL),
(NULL, NULL),
(NULL, NULL),
(NULL, NULL),
(NULL, NULL),
(NULL, NULL),
(NULL, NULL),
(NULL, NULL),
(NULL, NULL),
(NULL, NULL),
(NULL, NULL),
(NULL, NULL),
(NULL, NULL),
(NULL, NULL),
(NULL, NULL),
(NULL, NULL),
(NULL, NULL),
(NULL, NULL),
(NULL, NULL),
(NULL, NULL),
(NULL, NULL),
(NULL, NULL),
(NULL, NULL),
(NULL, NULL),
(NULL, NULL),
(NULL, NULL),
(NULL, NULL),
(NULL, NULL),
(NULL, NULL),
(NULL, NULL),
(NULL, NULL),
(NULL, NULL),
(NULL, NULL),
(NULL, NULL),
(NULL, NULL),
(NULL, NULL),
(NULL, NULL),
(NULL, NULL),
(NULL, NULL),
(NULL, NULL),
(NULL, NULL),
(NULL, NULL),
(NULL, NULL),
(NULL, NULL),
(NULL, NULL),
(NULL, NULL),
(NULL, NULL),
(NULL, NULL),
(NULL, NULL),
(NULL, NULL),
(NULL, NULL),
(NULL, NULL),
(NULL, NULL),
(NULL, NULL),
(NULL, NULL),
(NULL, NULL),
(NULL, NULL),
(NULL, NULL),
(NULL, NULL),
(NULL, NULL),
(NULL, NULL),
(NULL, NULL),
(NULL, NULL),
(NULL, NULL),
(NULL, NULL),
(NULL, NULL),
(NULL, NULL),
(NULL, NULL),
(NULL, NULL),
(NULL, NULL),
(NULL, NULL),
(NULL, NULL),
(NULL, NULL),
(NULL, NULL),
(NULL, NULL),
(NULL, NULL),
(NULL, NULL),
(NULL, NULL),
(NULL, NULL),
(NULL, NULL),
(NULL, NULL),
(NULL, NULL),
(NULL, NULL),
(NULL, NULL),
(NULL, NULL),
(NULL, NULL),
(NULL, NULL),
(NULL, NULL),
(NULL, NULL),
(NULL, NULL),
(NULL, NULL),
(NULL, NULL),
(NULL, NULL),
(NULL, NULL),
(NULL, NULL),
(NULL, NULL),
(NULL, NULL),
(NULL, NULL),
(NULL, NULL),
(NULL, NULL),
(NULL, NULL),
(NULL, NULL),
(NULL, NULL),
(NULL, NULL),
(NULL, NULL),
(NULL, NULL),
(NULL, NULL),
(NULL, NULL),
(NULL, NULL),
(NULL, NULL),
(NULL, NULL),
(NULL, NULL),
(NULL, NULL),
(NULL, NULL),
(NULL, NULL),
(NULL, NULL),
(NULL, NULL),
(NULL, NULL),
(NULL, NULL),
(NULL, NULL),
(NULL, NULL),
(NULL, NULL),
(NULL, NULL),
(NULL, NULL),
(NULL, NULL),
(NULL, NULL),
(NULL, NULL),
(NULL, NULL),
(NULL, NULL),
(NULL, NULL),
(NULL, NULL),
(NULL, NULL),
(NULL, NULL),
(NULL, NULL),
(NULL, NULL),
(NULL, NULL),
(NULL, NULL),
(NULL, NULL),
(NULL, NULL),
(NULL, NULL),
(NULL, NULL),
(NULL, NULL),
(NULL, NULL),
(NULL, NULL),
(NULL, NULL),
(NULL, NULL);

-- --------------------------------------------------------

--
-- 테이블 구조 `ysuleetconverttable`
--

CREATE TABLE `ysuleetconverttable` (
  `100` int(11) NOT NULL DEFAULT '0',
  `leeta` double NOT NULL DEFAULT '0',
  `leetb` double DEFAULT NULL
) ENGINE=InnoDB DEFAULT CHARSET=utf8;

--
-- 테이블의 덤프 데이터 `ysuleetconverttable`
--

INSERT INTO `ysuleetconverttable` (`100`, `leeta`, `leetb`) VALUES
(100, 60, 90),
(99, 59.8, 89.6),
(98, 59.6, 89.2),
(97, 59.4, 88.8),
(96, 59.2, 88.4),
(95, 59, 88),
(94, 58.8, 87.6),
(93, 58.6, 87.2),
(92, 58.4, 86.8),
(91, 58.2, 86.4),
(90, 58, 86),
(89, 57.8, 85.6),
(88, 57.6, 85.2),
(87, 57.4, 84.8),
(86, 57.2, 84.4),
(85, 57, 84),
(84, 56.8, 83.6),
(83, 56.6, 83.2),
(82, 56.4, 82.8),
(81, 56.2, 82.4),
(80, 56, 82),
(79, 55.8, 81.6),
(78, 55.6, 81.2),
(77, 55.4, 80.8),
(76, 55.2, 80.4),
(75, 55, 80),
(74, 54.8, 79.6),
(73, 54.6, 79.2),
(72, 54.4, 78.8),
(71, 54.2, 78.4),
(70, 54, 78),
(69, 53.8, 77.6),
(68, 53.6, 77.2),
(67, 53.4, 76.8),
(66, 53.2, 76.4),
(65, 53, 76),
(64, 52.7, 75.4),
(63, 52.4, 74.8),
(62, 52.1, 74.2),
(61, 51.8, 73.6),
(60, 51.5, 73);

--
-- 덤프된 테이블의 인덱스
--

--
-- 테이블의 인덱스 `ajuengconverttable`
--
ALTER TABLE `ajuengconverttable`
  ADD PRIMARY KEY (`score`);

--
-- 테이블의 인덱스 `applicationrates`
--
ALTER TABLE `applicationrates`
  ADD PRIMARY KEY (`index`);

--
-- 테이블의 인덱스 `avg2017table`
--
ALTER TABLE `avg2017table`
  ADD PRIMARY KEY (`schoolnumber`);

--
-- 테이블의 인덱스 `avg2018table`
--
ALTER TABLE `avg2018table`
  ADD PRIMARY KEY (`schoolnumber`);

--
-- 테이블의 인덱스 `cbuengconverttable`
--
ALTER TABLE `cbuengconverttable`
  ADD PRIMARY KEY (`score`);

--
-- 테이블의 인덱스 `cnuengconverttable`
--
ALTER TABLE `cnuengconverttable`
  ADD PRIMARY KEY (`score`);

--
-- 테이블의 인덱스 `dauengconverttable`
--
ALTER TABLE `dauengconverttable`
  ADD PRIMARY KEY (`toeic`);

--
-- 테이블의 인덱스 `ihugpaconverttable`
--
ALTER TABLE `ihugpaconverttable`
  ADD PRIMARY KEY (`4.5`);

--
-- 테이블의 인덱스 `jbuengconverttable`
--
ALTER TABLE `jbuengconverttable`
  ADD PRIMARY KEY (`toeic`);

--
-- 테이블의 인덱스 `kkuengconverttable`
--
ALTER TABLE `kkuengconverttable`
  ADD PRIMARY KEY (`toeic`);

--
-- 테이블의 인덱스 `krugpaconverttable`
--
ALTER TABLE `krugpaconverttable`
  ADD PRIMARY KEY (`index`);

--
-- 테이블의 인덱스 `leetconverttable2017`
--
ALTER TABLE `leetconverttable2017`
  ADD PRIMARY KEY (`index`);

--
-- 테이블의 인덱스 `leetconverttable2018`
--
ALTER TABLE `leetconverttable2018`
  ADD PRIMARY KEY (`index`);

--
-- 테이블의 인덱스 `log`
--
ALTER TABLE `log`
  ADD PRIMARY KEY (`idx`);

--
-- 테이블의 인덱스 `recommendtable`
--
ALTER TABLE `recommendtable`
  ADD PRIMARY KEY (`schoolnumber`);

--
-- 테이블의 인덱스 `sguengconverttable`
--
ALTER TABLE `sguengconverttable`
  ADD PRIMARY KEY (`score`);

--
-- 테이블의 인덱스 `skkuengconverttable`
--
ALTER TABLE `skkuengconverttable`
  ADD PRIMARY KEY (`toeic`);

--
-- 덤프된 테이블의 AUTO_INCREMENT
--

--
-- 테이블의 AUTO_INCREMENT `applicationrates`
--
ALTER TABLE `applicationrates`
  MODIFY `index` int(11) NOT NULL AUTO_INCREMENT, AUTO_INCREMENT=76;
--
-- 테이블의 AUTO_INCREMENT `krugpaconverttable`
--
ALTER TABLE `krugpaconverttable`
  MODIFY `index` int(11) NOT NULL AUTO_INCREMENT, AUTO_INCREMENT=242;
--
-- 테이블의 AUTO_INCREMENT `leetconverttable2017`
--
ALTER TABLE `leetconverttable2017`
  MODIFY `index` int(11) NOT NULL AUTO_INCREMENT, AUTO_INCREMENT=17;
--
-- 테이블의 AUTO_INCREMENT `leetconverttable2018`
--
ALTER TABLE `leetconverttable2018`
  MODIFY `index` int(11) NOT NULL AUTO_INCREMENT, AUTO_INCREMENT=42;
--
-- 테이블의 AUTO_INCREMENT `log`
--
ALTER TABLE `log`
  MODIFY `idx` int(11) NOT NULL AUTO_INCREMENT, AUTO_INCREMENT=11;COMMIT;

/*!40101 SET CHARACTER_SET_CLIENT=@OLD_CHARACTER_SET_CLIENT */;
/*!40101 SET CHARACTER_SET_RESULTS=@OLD_CHARACTER_SET_RESULTS */;
/*!40101 SET COLLATION_CONNECTION=@OLD_COLLATION_CONNECTION */;
